date,portfolio_nav,benchmark_nav
2020-04-03,100000000.0,22.009609950859957
2020-04-07,100000000.0,22.50567874692875
2020-04-08,100000000.0,22.32314496314497
2020-04-09,100000000.0,21.878258599508605
2020-04-10,100000000.0,22.19085995085996
2020-04-13,100000000.0,22.4558230958231
2020-04-14,100000000.0,22.97366400491401
2020-04-15,100000000.0,21.894656019656026
2020-04-16,100000000.0,21.69829238329238
2020-04-17,100000000.0,21.92746928746928
2020-04-20,100000000.0,21.698292383292376
2020-04-21,100000000.0,20.793624078624077
2020-04-22,100000000.0,20.969806511056504
2020-04-23,100000000.0,20.76167076167076
2020-04-24,100000000.0,20.253759213759206
2020-04-27,100000000.0,20.57046683046682
2020-04-28,100000000.0,21.38919226044225
2020-04-29,100000000.0,22.15785012285012
2020-04-30,100000000.0,22.05896805896805
2020-05-06,100000000.0,21.17898034398034
2020-05-07,100000000.0,20.713786855036847
2020-05-08,100000000.0,21.17898034398034
2020-05-11,100000000.0,21.421624692874683
2020-05-12,100000000.0,20.65002764127763
2020-05-13,100000000.0,20.65002764127763
2020-05-14,100000000.0,19.955162776412767
2020-05-15,100000000.0,19.955162776412767
2020-05-18,100000000.0,21.09840601965601
2020-05-19,100000000.0,20.9698065110565
2020-05-20,100000000.0,20.143492014742005
2020-05-21,100000000.0,20.09632678132677
2020-05-22,100000000.0,19.44181818181817
2020-05-25,100000000.0,19.908218673218663
2020-05-26,100000000.0,20.491059582309568
2020-05-27,100000000.0,20.602272727272712
2020-05-28,100000000.0,20.98585995085994
2020-05-29,100000000.0,20.2853194103194
2020-06-01,100000000.0,21.40540540540539
2020-06-02,100000000.0,22.789238329238312
2020-06-03,100000000.0,22.124864864864847
2020-06-04,100000000.0,21.94388513513512
2020-06-05,100000000.0,21.42162469287468
2020-06-08,100000000.0,21.730958230958212
2020-06-09,100000000.0,21.470319410319394
2020-06-10,100000000.0,21.05013513513512
2020-06-11,100000000.0,20.60227272727271
2020-06-12,100000000.0,20.301108722358705
2020-06-15,100000000.0,20.127764127764117
2020-06-16,100000000.0,20.475196560196544
2020-06-17,100000000.0,20.2537592137592
2020-06-18,100000000.0,20.58636670761669
2020-06-19,100000000.0,20.681894963144945
2020-06-22,100000000.0,20.269536240786223
2020-06-23,100000000.0,20.04921683046681
2020-06-24,100000000.0,21.405405405405386
2020-06-29,100000000.0,20.63410319410318
2020-06-30,100000000.0,20.985859950859933
2020-07-01,100000000.0,24.233664004913983
2020-07-02,100000000.0,24.75405712530711
2020-07-03,100000000.0,25.20953624078622
2020-07-06,100000000.0,29.552837837837817
2020-07-07,100000000.0,28.196867321867305
2020-07-08,100000000.0,28.383292383292364
2020-07-09,100000000.0,28.814401105651086
2020-07-10,100000000.0,26.132951474201462
2020-07-13,100000000.0,26.18673218673217
2020-07-14,100000000.0,25.722469287469277
2020-07-15,100000000.0,24.56260442260441
2020-07-16,100000000.0,23.29396805896804
2020-07-17,100000000.0,22.7725092137592
2020-07-20,100000000.0,24.597358722358702
2020-07-21,100000000.0,24.09582616707615
2020-07-22,100000000.0,23.87267813267811
2020-07-23,100000000.0,23.2601474201474
2020-07-24,100000000.0,22.43921683046681
2020-07-27,100000000.0,21.8618673218673
2020-07-28,100000000.0,22.174351965601943
2020-07-29,100000000.0,22.57223894348892
2020-07-30,100000000.0,22.19085995085993
2020-07-31,100000000.0,22.124864864864843
2020-08-03,100000000.0,22.8562162162162
2020-08-04,100000000.0,23.63352579852577
2020-08-05,100000000.0,22.973664004913985
2020-08-06,100000000.0,23.024090909090884
2020-08-07,100000000.0,22.43921683046681
2020-08-10,100000000.0,23.75295147420145
2020-08-11,100000000.0,23.87267813267811
2020-08-12,100000000.0,25.315236486486462
2020-08-13,100000000.0,25.1216216216216
2020-08-14,100000000.0,23.53140049140047
2020-08-17,100000000.0,24.44115786240784
2020-08-18,100000000.0,23.56541769041766
2020-08-19,100000000.0,23.12511056511054
2020-08-20,100000000.0,23.192579852579826
2020-08-21,100000000.0,22.990466830466804
2020-08-24,100000000.0,22.60555589680587
2020-08-25,100000000.0,22.705654176904154
2020-08-26,100000000.0,22.522309582309557
2020-08-27,100000000.0,22.30658783783781
2020-08-28,100000000.0,23.34474508599506
2020-08-31,100000000.0,22.839462530712503
2020-09-01,100000000.0,22.75578624078621
2020-09-02,100000000.0,23.2601474201474
2020-09-03,100000000.0,23.752951474201453
2020-09-04,100000000.0,24.199167690417667
2020-09-07,100000000.0,24.82386056511054
2020-09-08,100000000.0,24.5973587223587
2020-09-09,100000000.0,24.044238329238308
2020-09-10,100000000.0,24.87627764127761
2020-09-11,100000000.0,24.078624078624053
2020-09-14,100000000.0,23.56541769041766
2020-09-15,100000000.0,23.85555589680587
2020-09-16,100000000.0,24.4065141277641
2020-09-17,100000000.0,24.181928746928715
2020-09-18,100000000.0,26.36640049140046
2020-09-21,100000000.0,26.07922604422601
2020-09-22,100000000.0,25.758034398034365
2020-09-23,100000000.0,25.297604422604387
2020-09-24,100000000.0,24.250921375921344
2020-09-25,100000000.0,23.429496314496284
2020-09-28,100000000.0,24.77149877149873
2020-09-29,100000000.0,24.579978501228464
2020-09-30,100000000.0,24.11303439803436
2020-10-09,100000000.0,24.13024877149874
2020-10-12,100000000.0,24.61474508599505
2020-10-13,100000000.0,24.0614281326781
2020-10-14,100000000.0,23.701732186732155
2020-10-15,100000000.0,23.565417690417657
2020-10-16,100000000.0,23.83843980343977
2020-10-19,100000000.0,23.633525798525763
2020-10-20,100000000.0,23.192579852579826
2020-10-21,100000000.0,23.44646498771495
2020-10-22,100000000.0,24.061428132678092
2020-10-23,100000000.0,23.872678132678097
2020-10-26,100000000.0,24.07862407862405
2020-10-27,100000000.0,23.175703316953285
2020-10-28,100000000.0,22.25695331695329
2020-10-29,100000000.0,23.02409090909088
2020-10-30,100000000.0,23.310887592137565
2020-11-02,100000000.0,23.99270577395574
2020-11-03,100000000.0,24.13024877149874
2020-11-04,100000000.0,24.354594594594563
2020-11-05,100000000.0,26.276489557739524
2020-11-06,100000000.0,26.655147420147387
2020-11-09,100000000.0,26.85457309582306
2020-11-10,100000000.0,26.420420761670727
2020-11-11,100000000.0,27.219069410319378
2020-11-12,100000000.0,27.200786240786208
2020-11-13,100000000.0,25.91838144963142
2020-11-16,100000000.0,26.186732186732154
2020-11-17,100000000.0,27.5492168304668
2020-11-18,100000000.0,29.059508599508565
2020-11-19,100000000.0,29.343614864864826
2020-11-20,100000000.0,29.26771805896802
2020-11-23,100000000.0,29.590958230958183
2020-11-24,100000000.0,29.22980651105647
2020-11-25,100000000.0,29.13513513513509
2020-11-26,100000000.0,29.40060196560193
2020-11-27,100000000.0,30.687718058968013
2020-11-30,100000000.0,28.946253071253025
2020-12-01,100000000.0,29.04061732186728
2020-12-02,100000000.0,29.762804054054005
2020-12-03,100000000.0,29.3246314496314
2020-12-04,100000000.0,27.6412776412776
2020-12-07,100000000.0,26.56474508599505
2020-12-08,100000000.0,26.1508722358722
2020-12-09,100000000.0,25.22713759213756
2020-12-10,100000000.0,25.08649877149873
2020-12-11,100000000.0,24.876277641277603
2020-12-14,100000000.0,25.686928746928707
2020-12-15,100000000.0,25.03386056511053
2020-12-16,100000000.0,25.121621621621586
2020-12-17,100000000.0,25.545012285012245
2020-12-18,100000000.0,24.946253071253032
2020-12-21,100000000.0,24.37189496314493
2020-12-22,100000000.0,24.16469594594591
2020-12-23,100000000.0,23.78712837837834
2020-12-24,100000000.0,23.975540540540507
2020-12-25,100000000.0,24.25092137592134
2020-12-28,100000000.0,24.806400491400456
2020-12-29,100000000.0,24.981277641277604
2020-12-30,100000000.0,24.736621621621584
2020-12-31,100000000.0,25.297604422604387
2021-01-04,100000000.0,23.70173218673215
2021-01-05,100000000.0,23.924081695331655
2021-01-06,100000000.0,25.38582616707613
2021-01-07,100000000.0,25.456514127764084
2021-01-08,100000000.0,26.43843980343976
2021-01-11,100000000.0,27.237358722358675
2021-01-12,100000000.0,27.091216216216168
2021-01-13,100000000.0,27.45730958230953
2021-01-14,100000000.0,27.62285319410314
2021-01-15,100000000.0,27.549216830466776
2021-01-18,100000000.0,30.011904176904125
2021-01-19,100000000.0,30.05031941031936
2021-01-20,100000000.0,28.57033169533164
2021-01-21,100000000.0,27.8258599508599
2021-01-22,100000000.0,26.29445945945941
2021-01-25,100000000.0,26.474496314496257
2021-01-26,100000000.0,27.09121621621616
2021-01-27,100000000.0,26.54668304668299
2021-01-28,100000000.0,24.823860565110515
2021-01-29,100000000.0,23.71879914004909
2021-02-01,100000000.0,24.19916769041764
2021-02-02,100000000.0,24.66694103194098
2021-02-03,100000000.0,23.94122850122845
2021-02-04,100000000.0,23.889806511056463
2021-02-05,100000000.0,25.61592137592132
2021-02-08,100000000.0,26.0613298525798
2021-02-09,100000000.0,25.38582616707611
2021-02-10,100000000.0,25.52730036855031
2021-02-18,100000000.0,27.659708230958174
2021-02-19,100000000.0,27.347223587223525
2021-02-22,100000000.0,27.145973587223523
2021-02-23,100000000.0,27.65970823095817
2021-02-24,100000000.0,27.62285319410313
2021-02-25,100000000.0,33.425678746928675
2021-02-26,100000000.0,33.6489557739557
2021-03-01,100000000.0,34.15916769041761
2021-03-02,100000000.0,34.03636670761662
2021-03-03,100000000.0,34.46713759213751
2021-03-04,100000000.0,32.82051904176896
2021-03-05,100000000.0,30.551953316953245
2021-03-08,100000000.0,29.896805896805827
2021-03-09,100000000.0,29.55283783783777
2021-03-10,100000000.0,28.927398648648584
2021-03-11,100000000.0,29.80105958230951
2021-03-12,100000000.0,30.4551627764127
2021-03-15,100000000.0,30.35852579852573
2021-03-16,100000000.0,33.24355036855029
2021-03-17,100000000.0,32.86069103194095
2021-03-18,100000000.0,32.840601965601884
2021-03-19,100000000.0,29.896805896805823
2021-03-22,100000000.0,30.726563267813187
2021-03-23,100000000.0,30.319914004913933
2021-03-24,100000000.0,29.059508599508533
2021-03-25,100000000.0,28.664081695331625
2021-03-26,100000000.0,28.983980343980267
2021-03-29,100000000.0,29.514742014741945
2021-03-30,100000000.0,30.223492014741943
2021-03-31,100000000.0,27.641277641277576
2021-04-01,100000000.0,27.328897420147356
2021-04-02,100000000.0,27.64127764127758
2021-04-06,100000000.0,26.60088759213753
2021-04-07,100000000.0,27.091216216216157
2021-04-08,100000000.0,26.132951474201416
2021-04-09,100000000.0,25.580454545454483
2021-04-12,100000000.0,25.104057125307065
2021-04-13,100000000.0,24.57997850122844
2021-04-14,100000000.0,25.403488943488888
2021-04-15,100000000.0,25.174351965601907
2021-04-16,100000000.0,25.598184889434837
2021-04-19,100000000.0,25.82923832923827
2021-04-20,100000000.0,25.350519041768983
2021-04-21,100000000.0,25.20953624078618
2021-04-22,100000000.0,25.86487714987709
2021-04-23,100000000.0,24.233664004913948
2021-04-26,100000000.0,23.56541769041764
2021-04-27,100000000.0,23.9583814496314
2021-04-28,100000000.0,23.53140049140044
2021-04-29,100000000.0,23.889806511056463
2021-04-30,100000000.0,24.37189496314491
2021-05-06,100000000.0,23.94122850122845
2021-05-07,100000000.0,24.078624078624024
2021-05-10,100000000.0,23.293968058968005
2021-05-11,100000000.0,23.429496314496262
2021-05-12,100000000.0,22.43921683046678
2021-05-13,100000000.0,22.1908599508599
2021-05-14,100000000.0,22.50567874692869
2021-05-17,100000000.0,22.588894348894296
2021-05-18,100000000.0,22.87297604422599
2021-05-19,100000000.0,22.0096099508599
2021-05-20,100000000.0,22.33970823095818
2021-05-21,100000000.0,21.681968673218623
2021-05-24,100000000.0,21.06621928746924
2021-05-25,100000000.0,21.99316953316948
2021-05-26,100000000.0,22.68895577395572
2021-05-27,100000000.0,22.655577395577343
2021-05-28,100000000.0,22.30658783783778
2021-05-31,100000000.0,21.894656019655965
2021-06-01,100000000.0,21.73095823095818
2021-06-02,100000000.0,21.99316953316948
2021-06-03,100000000.0,21.84548218673213
2021-06-04,100000000.0,21.292042383292326
2021-06-07,100000000.0,20.665958230958186
2021-06-08,100000000.0,20.85760442260437
2021-06-09,100000000.0,20.618184889434843
2021-06-10,100000000.0,20.20646498771494
2021-06-11,100000000.0,19.64324631449627
2021-06-15,100000000.0,18.828550368550328
2021-06-16,100000000.0,19.13395577395573
2021-06-17,100000000.0,19.195331695331653
2021-06-18,100000000.0,18.54069103194099
2021-06-21,100000000.0,17.986486486486445
2021-06-22,100000000.0,18.03110872235868
2021-06-23,100000000.0,18.43519656019652
2021-06-24,100000000.0,18.180248771498725
2021-06-25,100000000.0,18.45024877149873
2021-06-28,100000000.0,17.808550368550325
2021-06-29,100000000.0,17.396805896805855
2021-06-30,100000000.0,17.41142813267809
2021-07-01,100000000.0,19.164631449631404
2021-07-02,100000000.0,17.764204545454504
2021-07-05,100000000.0,17.42605651105647
2021-07-06,100000000.0,18.40511056511052
2021-07-07,100000000.0,17.749434889434845
2021-07-08,100000000.0,17.7642045454545
2021-07-09,100000000.0,17.778980343980297
2021-07-12,100000000.0,17.42605651105647
2021-07-13,100000000.0,17.45533169533165
2021-07-14,100000000.0,16.544966216216174
2021-07-15,100000000.0,16.989877149877106
2021-07-16,100000000.0,17.616784398034355
2021-07-19,100000000.0,16.93213759213755
2021-07-20,100000000.0,16.374327395577357
2021-07-21,100000000.0,15.867718058968023
2021-07-22,100000000.0,16.54496621621618
2021-07-23,100000000.0,16.402705773955738
2021-07-26,100000000.0,14.01257985257982
2021-07-27,100000000.0,12.482358722358695
2021-07-28,100000000.0,12.894351965601937
2021-07-29,100000000.0,13.033169533169506
2021-07-30,100000000.0,13.109201474201445
2021-08-02,100000000.0,13.41554054054051
2021-08-03,100000000.0,13.38987714987712
2021-08-04,100000000.0,12.969978501228471
2021-08-05,100000000.0,13.53132985257982
2021-08-06,100000000.0,13.67352579852577
2021-08-09,100000000.0,15.245651105651074
2021-08-10,100000000.0,14.67627764127761
2021-08-11,100000000.0,16.402705773955738
2021-08-12,100000000.0,15.74230958230955
2021-08-13,100000000.0,15.951600122850092
2021-08-16,100000000.0,16.1904668304668
2021-08-17,100000000.0,16.416904176904143
2021-08-18,100000000.0,17.280049140049105
2021-08-19,100000000.0,16.459536240786207
2021-08-20,100000000.0,15.895654176904143
2021-08-23,100000000.0,15.99362407862405
2021-08-24,100000000.0,16.27519656019653
2021-08-25,100000000.0,13.855577395577368
2021-08-26,100000000.0,13.377054668304645
2021-08-27,100000000.0,13.415540540540514
2021-08-30,100000000.0,11.594745085995063
2021-08-31,100000000.0,12.04054054054052
2021-09-01,100000000.0,13.313034398034372
2021-09-02,100000000.0,13.803439803439778
2021-09-03,100000000.0,13.45408169533167
2021-09-06,100000000.0,12.96997850122848
2021-09-07,100000000.0,13.020519041769017
2021-09-08,100000000.0,12.693762285012255
2021-09-09,100000000.0,12.531941031941006
2021-09-10,100000000.0,12.781326781326754
2021-09-13,100000000.0,13.88168304668302
2021-09-14,100000000.0,12.445236486486458
2021-09-15,100000000.0,11.774459459459433
2021-09-16,100000000.0,11.110577395577373
2021-09-17,100000000.0,11.169069410319388
2021-09-22,100000000.0,12.383488943488915
2021-09-23,100000000.0,12.969978501228471
2021-09-24,100000000.0,12.681277641277614
2021-09-27,100000000.0,12.052705773955749
2021-09-28,100000000.0,13.647616707616676
2021-09-29,100000000.0,13.764401105651077
2021-09-30,100000000.0,13.947054668304634
2021-10-08,100000000.0,13.855577395577363
2021-10-11,100000000.0,15.000307125307092
2021-10-12,100000000.0,15.273034398034364
2021-10-13,100000000.0,15.273034398034364
2021-10-14,100000000.0,13.933968058968029
2021-10-15,100000000.0,13.660568181818151
2021-10-18,100000000.0,12.656326781326754
2021-10-19,100000000.0,12.656326781326754
2021-10-20,100000000.0,12.285012285012256
2021-10-21,100000000.0,13.19818488943486
2021-10-22,100000000.0,13.97324631449628
2021-10-25,100000000.0,13.020519041769012
2021-10-26,100000000.0,11.943439803439777
2021-10-27,100000000.0,11.870872235872213
2021-10-28,100000000.0,11.239462530712505
2021-10-29,100000000.0,10.184401105651084
2021-11-01,100000000.0,10.162042383292365
2021-11-02,100000000.0,9.556805896805876
2021-11-03,100000000.0,10.006219287469268
2021-11-04,100000000.0,10.01730958230956
2021-11-05,100000000.0,9.752837837837818
2021-11-08,100000000.0,10.296563267813244
2021-11-09,100000000.0,10.195589680589658
2021-11-10,100000000.0,11.063894348894328
2021-11-11,100000000.0,13.274695945945917
2021-11-12,100000000.0,11.991941031941009
2021-11-15,100000000.0,11.558968058968034
2021-11-16,100000000.0,11.369090909090886
2021-11-17,100000000.0,11.630577395577374
2021-11-18,100000000.0,11.192509213759193
2021-11-19,100000000.0,12.16246928746926
2021-11-22,100000000.0,11.345466830466805
2021-11-23,100000000.0,11.369090909090882
2021-11-24,100000000.0,11.440110565110542
2021-11-25,100000000.0,11.345466830466805
2021-11-26,100000000.0,11.075555896805872
2021-11-29,100000000.0,10.46595823095821
2021-11-30,100000000.0,10.240405405405385
2021-12-01,100000000.0,10.477300368550344
2021-12-02,100000000.0,11.12226351351349
2021-12-03,100000000.0,11.40457309582307
2021-12-06,100000000.0,11.666464987714958
2021-12-07,100000000.0,12.21141277641275
2021-12-08,100000000.0,12.052705773955749
2021-12-09,100000000.0,12.78132678132675
2021-12-10,100000000.0,12.482358722358692
2021-12-13,100000000.0,12.16246928746926
2021-12-14,100000000.0,11.678439803439778
2021-12-15,100000000.0,11.810568181818152
2021-12-16,100000000.0,12.02838144963142
2021-12-17,100000000.0,11.71440110565108
2021-12-20,100000000.0,11.75041769041766
2021-12-21,100000000.0,12.66879914004911
2021-12-22,100000000.0,12.11362407862405
2021-12-23,100000000.0,11.85879914004911
2021-12-24,100000000.0,11.846732186732158
2021-12-27,100000000.0,11.82261670761668
2021-12-28,100000000.0,11.895036855036825
2021-12-29,100000000.0,11.53514742014739
2021-12-30,100000000.0,11.22771498771496
2021-12-31,100000000.0,11.991941031941003
2022-01-04,100000000.0,12.894351965601931
2022-01-05,100000000.0,13.764401105651071
2022-01-06,100000000.0,13.608799140049106
2022-01-07,100000000.0,14.7165878378378
2022-01-10,100000000.0,15.081867321867284
2022-01-11,100000000.0,15.273034398034362
2022-01-12,100000000.0,14.932509213759175
2022-01-13,100000000.0,14.236514127764094
2022-01-14,100000000.0,13.160012285012252
2022-01-17,100000000.0,13.377054668304638
2022-01-18,100000000.0,14.315973587223551
2022-01-19,100000000.0,14.730036855036818
2022-01-20,100000000.0,15.0138851351351
2022-01-21,100000000.0,14.38235872235869
2022-01-24,100000000.0,14.462223587223551
2022-01-25,100000000.0,13.313034398034368
2022-01-26,100000000.0,13.19818488943486
2022-01-27,100000000.0,12.831498771498746
2022-01-28,100000000.0,12.693762285012255
2022-02-07,100000000.0,13.428381449631422
2022-02-08,100000000.0,13.38987714987712
2022-02-09,100000000.0,12.906941031941004
2022-02-10,100000000.0,13.351428132678103
2022-02-11,100000000.0,13.77740786240783
2022-02-14,100000000.0,12.581621621621592
2022-02-15,100000000.0,12.052705773955749
2022-02-16,100000000.0,12.285012285012256
2022-02-17,100000000.0,12.040540540540515
2022-02-18,100000000.0,12.881769041769015
2022-02-21,100000000.0,13.160012285012256
2022-02-22,100000000.0,13.083832923832896
2022-02-23,100000000.0,12.606498771498744
2022-02-24,100000000.0,12.0892383292383
2022-02-25,100000000.0,11.71440110565108
2022-02-28,100000000.0,11.321867321867296
2022-03-01,100000000.0,11.535147420147393
2022-03-02,100000000.0,11.463832923832896
2022-03-03,100000000.0,11.666464987714958
2022-03-04,100000000.0,10.7513544226044
2022-03-07,100000000.0,10.556867321867296
2022-03-08,100000000.0,9.58933968058966
2022-03-09,100000000.0,8.85504914004912
2022-03-10,100000000.0,8.637374078624058
2022-03-11,100000000.0,8.514204545454524
2022-03-14,100000000.0,7.951108722358704
2022-03-15,100000000.0,6.727272727272712
2022-03-16,100000000.0,7.388209459459444
2022-03-17,100000000.0,8.544914004913988
2022-03-18,100000000.0,9.352042383292362
2022-03-21,100000000.0,8.668304668304652
2022-03-22,100000000.0,9.491904176904155
2022-03-23,100000000.0,9.851600122850105
2022-03-24,100000000.0,9.384226044226024
2022-03-25,100000000.0,9.309216830466813
2022-03-28,100000000.0,9.69818488943487
2022-03-29,100000000.0,9.384226044226027
2022-03-30,100000000.0,11.063894348894328
2022-03-31,100000000.0,11.262976044226022
2022-04-01,100000000.0,13.109201474201452
2022-04-06,100000000.0,13.82949631449629
2022-04-07,100000000.0,13.428381449631429
2022-04-08,100000000.0,14.18366400491398
2022-04-11,100000000.0,13.210921375921354
2022-04-12,100000000.0,12.494745085995069
2022-04-13,100000000.0,12.906941031941011
2022-04-14,100000000.0,13.544226044226024
2022-04-15,100000000.0,13.93396805896804
2022-04-18,100000000.0,12.944745085995068
2022-04-19,100000000.0,13.109201474201456
2022-04-20,100000000.0,11.499462530712515
2022-04-21,100000000.0,11.44011056511055
2022-04-22,100000000.0,12.052705773955756
2022-04-25,100000000.0,10.889708230958211
2022-04-26,100000000.0,11.040589680589664
2022-04-27,100000000.0,10.206784398034385
2022-04-28,100000000.0,10.73986486486485
2022-04-29,100000000.0,11.535147420147403
2022-05-05,100000000.0,11.59474508599507
2022-05-06,100000000.0,10.500003071253058
2022-05-09,100000000.0,10.488648648648637
2022-05-10,100000000.0,10.579656019656005
2022-05-11,100000000.0,10.46595823095822
2022-05-12,100000000.0,9.928759213759202
2022-05-13,100000000.0,10.705433046683034
2022-05-16,100000000.0,10.94761670761669
2022-05-17,100000000.0,11.169069410319391
2022-05-18,100000000.0,10.878144963144948
2022-05-19,100000000.0,11.380912162162144
2022-05-20,100000000.0,10.97082309582308
2022-05-23,100000000.0,10.341600122850108
2022-05-24,100000000.0,10.083980343980327
2022-05-25,100000000.0,10.195589680589665
2022-05-26,100000000.0,10.386735257985242
2022-05-27,100000000.0,10.106253071253056
2022-05-30,100000000.0,9.752837837837824
2022-05-31,100000000.0,9.741894963144947
2022-06-01,100000000.0,9.818624078624064
2022-06-02,100000000.0,9.63280405405404
2022-06-06,100000000.0,9.18132985257984
2022-06-07,100000000.0,9.33061732186731
2022-06-08,100000000.0,9.4487592137592
2022-06-09,100000000.0,9.763786855036845
2022-06-10,100000000.0,9.796670761670752
2022-06-13,100000000.0,9.373492014742006
2022-06-14,100000000.0,9.676366707616696
2022-06-15,100000000.0,10.330331695331685
2022-06-16,100000000.0,10.150872235872225
2022-06-17,100000000.0,10.117398648648637
2022-06-20,100000000.0,10.602469287469274
2022-06-21,100000000.0,10.602469287469274
2022-06-22,100000000.0,10.2853194103194
2022-06-23,100000000.0,10.591059582309573
2022-06-24,100000000.0,10.330331695331685
2022-06-27,100000000.0,10.522730343980337
2022-06-28,100000000.0,10.454622235872224
2022-06-29,100000000.0,11.834671375921362
2022-06-30,100000000.0,12.906941031941017
2022-07-01,100000000.0,12.781326781326763
2022-07-04,100000000.0,12.544351965601953
2022-07-05,100000000.0,12.33420147420146
2022-07-06,100000000.0,11.64253378378377
2022-07-07,100000000.0,11.31007678132677
2022-07-08,100000000.0,11.416412776412766
2022-07-11,100000000.0,11.063894348894337
2022-07-12,100000000.0,11.122263513513502
2022-07-13,100000000.0,11.04058968058967
2022-07-14,100000000.0,10.386735257985247
2022-07-15,100000000.0,9.535147420147412
2022-07-18,100000000.0,9.840601965601955
2022-07-19,100000000.0,9.730958230958224
2022-07-20,100000000.0,9.68727272727272
2022-07-21,100000000.0,9.181329852579845
2022-07-22,100000000.0,9.277162162162153
2022-07-25,100000000.0,9.405712530712522
2022-07-26,100000000.0,10.00621928746928
2022-07-27,100000000.0,9.68727272727272
2022-07-28,100000000.0,9.56764434889434
2022-07-29,100000000.0,9.09656326781326
2022-08-01,100000000.0,8.740691031941028
2022-08-02,100000000.0,8.381769041769036
2022-08-03,100000000.0,7.92148648648648
2022-08-04,100000000.0,8.090076781326776
2022-08-05,100000000.0,8.320995085995081
2022-08-08,100000000.0,8.130003071253064
2022-08-09,100000000.0,8.090076781326776
2022-08-10,100000000.0,7.960995085995082
2022-08-11,100000000.0,8.139999999999995
2022-08-12,100000000.0,8.240307125307119
2022-08-15,100000000.0,8.150003071253066
2022-08-16,100000000.0,8.39191953316953
2022-08-17,100000000.0,8.751056511056506
2022-08-18,100000000.0,8.657988329238325
2022-08-19,100000000.0,8.886366707616705
2022-08-22,100000000.0,8.928209459459454
2022-08-23,100000000.0,8.73033169533169
2022-08-24,100000000.0,8.483550368550365
2022-08-25,100000000.0,7.696219287469283
2022-08-26,100000000.0,7.696219287469283
2022-08-29,100000000.0,7.445482186732183
2022-08-30,100000000.0,7.754671375921372
2022-08-31,100000000.0,8.49376228501228
2022-09-01,100000000.0,8.709631449631447
2022-09-02,100000000.0,8.668304668304668
2022-09-05,100000000.0,9.054327395577396
2022-09-06,100000000.0,9.78570331695332
2022-09-07,100000000.0,9.427223587223589
2022-09-08,100000000.0,9.491904176904177
2022-09-09,100000000.0,10.117398648648646
2022-09-13,100000000.0,10.150872235872235
2022-09-14,100000000.0,9.85160012285012
2022-09-15,100000000.0,10.511363636363637
2022-09-16,100000000.0,9.95085995085995
2022-09-19,100000000.0,10.150872235872235
2022-09-20,100000000.0,9.470319410319409
2022-09-21,100000000.0,9.470319410319409
2022-09-22,100000000.0,9.394966216216217
2022-09-23,100000000.0,9.416464987714992
2022-09-26,100000000.0,9.341326781326783
2022-09-27,100000000.0,9.513513513513518
2022-09-28,100000000.0,9.362764127764132
2022-09-29,100000000.0,9.033246314496315
2022-09-30,100000000.0,9.763786855036855
2022-10-10,100000000.0,9.687272727272733
2022-10-11,100000000.0,8.855049140049145
2022-10-12,100000000.0,9.064877149877152
2022-10-13,100000000.0,8.668304668304673
2022-10-14,100000000.0,8.896818181818185
2022-10-17,100000000.0,8.463144963144966
2022-10-18,100000000.0,8.240307125307126
2022-10-19,100000000.0,8.030371621621624
2022-10-20,100000000.0,7.980786240786243
2022-10-21,100000000.0,8.050248771498772
2022-10-24,100000000.0,7.435921375921377
2022-10-25,100000000.0,7.426366707616709
2022-10-26,100000000.0,6.974966216216217
2022-10-27,100000000.0,6.809339680589681
2022-10-28,100000000.0,6.315589680589682
2022-10-31,100000000.0,5.613955773955775
2022-11-01,100000000.0,5.899864864864865
2022-11-02,100000000.0,5.942509213759215
2022-11-03,100000000.0,5.714054054054055
2022-11-04,100000000.0,6.054103194103194
2022-11-07,100000000.0,6.219069410319411
2022-11-08,100000000.0,6.24531941031941
2022-11-09,100000000.0,6.501919533169533
2022-11-10,100000000.0,6.306784398034398
2022-11-11,100000000.0,7.628304668304668
2022-11-14,100000000.0,8.250371621621623
2022-11-15,100000000.0,8.210150491400494
2022-11-16,100000000.0,7.725417690417691
2022-11-17,100000000.0,7.6767843980344
2022-11-18,100000000.0,7.522189803439805
2022-11-21,100000000.0,7.445482186732189
2022-11-22,100000000.0,7.474201474201476
2022-11-23,100000000.0,7.369167690417693
2022-11-24,100000000.0,7.88207616707617
2022-11-25,100000000.0,9.213218673218677
2022-11-28,100000000.0,9.001670761670766
2022-11-29,100000000.0,10.889708230958233
2022-11-30,100000000.0,10.682509213759214
2022-12-01,100000000.0,11.08722358722359
2022-12-02,100000000.0,10.38673525798526
2022-12-05,100000000.0,10.994054054054056
2022-12-06,100000000.0,11.298292383292384
2022-12-07,100000000.0,10.511363636363637
2022-12-08,100000000.0,11.53514742014742
2022-12-09,100000000.0,12.856621621621624
2022-12-12,100000000.0,11.61862714987715
2022-12-13,100000000.0,11.654496314496315
2022-12-14,100000000.0,11.380912162162163
2022-12-15,100000000.0,11.227714987714991
2022-12-16,100000000.0,11.53514742014742
2022-12-19,100000000.0,11.499462530712536
2022-12-20,100000000.0,10.751354422604424
2022-12-21,100000000.0,10.739864864864863
2022-12-22,100000000.0,10.774351965601968
2022-12-23,100000000.0,10.83195331695332
2022-12-26,100000000.0,10.364155405405407
2022-12-27,100000000.0,10.522730343980347
2022-12-28,100000000.0,10.602469287469289
2022-12-29,100000000.0,10.128550368550371
2022-12-30,100000000.0,10.173218673218676
2023-01-03,100000000.0,10.2067843980344
2023-01-04,100000000.0,11.169069410319413
2023-01-05,100000000.0,11.475703316953316
2023-01-06,100000000.0,11.34546683046683
2023-01-09,100000000.0,10.831953316953316
2023-01-10,100000000.0,10.855036855036856
2023-01-11,100000000.0,11.075555896805897
2023-01-12,100000000.0,10.62530712530713
2023-01-13,100000000.0,10.83195331695332
2023-01-16,100000000.0,10.739864864864868
2023-01-17,100000000.0,10.785859950859953
2023-01-18,100000000.0,10.488648648648653
2023-01-19,100000000.0,10.568258599508605
2023-01-20,100000000.0,10.60246928746929
2023-01-30,100000000.0,10.050617321867326
2023-01-31,100000000.0,10.2740816953317
2023-02-01,100000000.0,10.16204238329239
2023-02-02,100000000.0,10.15087223587224
2023-02-03,100000000.0,9.917718058968063
2023-02-06,100000000.0,9.170712530712535
2023-02-07,100000000.0,9.470319410319414
2023-02-08,100000000.0,9.405712530712536
2023-02-09,100000000.0,9.589339680589683
2023-02-10,100000000.0,9.589339680589683
2023-02-13,100000000.0,9.578488943488946
2023-02-14,100000000.0,9.632804054054056
2023-02-15,100000000.0,9.234508599508604
2023-02-16,100000000.0,9.223860565110565
2023-02-17,100000000.0,8.970150491400492
2023-02-20,100000000.0,9.470319410319409
2023-02-21,100000000.0,9.545973587223587
2023-02-22,100000000.0,9.330617321867322
2023-02-23,100000000.0,9.373492014742013
2023-02-24,100000000.0,9.10713759213759
2023-02-27,100000000.0,9.064877149877148
2023-02-28,100000000.0,9.022714987714988
2023-03-01,100000000.0,9.10713759213759
2023-03-02,100000000.0,8.596219287469289
2023-03-03,100000000.0,8.67862714987715
2023-03-06,100000000.0,8.310887592137592
2023-03-07,100000000.0,7.990691031941032
2023-03-08,100000000.0,7.951108722358724
2023-03-09,100000000.0,7.980786240786243
2023-03-10,100000000.0,7.696219287469288
2023-03-13,100000000.0,7.705945945945947
2023-03-14,100000000.0,7.618627149877152
2023-03-15,100000000.0,7.725417690417692
2023-03-16,100000000.0,7.618627149877152
2023-03-17,100000000.0,7.764434889434892
2023-03-20,100000000.0,7.589631449631452
2023-03-21,100000000.0,7.608955773955777
2023-03-22,100000000.0,7.7644348894348925
2023-03-23,100000000.0,7.725417690417693
2023-03-24,100000000.0,7.6767843980344015
2023-03-27,100000000.0,7.350150491400495
2023-03-28,100000000.0,7.23656326781327
2023-03-29,100000000.0,7.274327395577398
2023-03-30,100000000.0,7.474201474201475
2023-03-31,100000000.0,7.133218673218675
2023-04-03,100000000.0,7.293246314496316
2023-04-04,100000000.0,7.049216830466833
2023-04-06,100000000.0,6.947223587223588
2023-04-07,100000000.0,7.6864987714987745
2023-04-10,100000000.0,7.570331695331697
2023-04-11,100000000.0,7.901769041769043
2023-04-12,100000000.0,7.911624692874694
2023-04-13,100000000.0,7.715678746928747
2023-04-14,100000000.0,7.676784398034399
2023-04-17,100000000.0,7.793762285012285
2023-04-18,100000000.0,7.764434889434891
2023-04-19,100000000.0,7.359656019656021
2023-04-20,100000000.0,7.3121898034398045
2023-04-21,100000000.0,7.189496314496316
2023-04-24,100000000.0,6.818488943488945
2023-04-25,100000000.0,6.800196560196563
2023-04-26,100000000.0,6.727272727272729
2023-04-27,100000000.0,6.836805896805897
2023-04-28,100000000.0,7.039914004914007
2023-05-04,100000000.0,6.864327395577396
2023-05-05,100000000.0,7.416818181818183
2023-05-08,100000000.0,7.455049140049142
2023-05-09,100000000.0,7.350150491400494
2023-05-10,100000000.0,7.189496314496318
2023-05-11,100000000.0,7.189496314496318
2023-05-12,100000000.0,6.965712530712533
2023-05-15,100000000.0,6.965712530712533
2023-05-16,100000000.0,6.827644348894352
2023-05-17,100000000.0,6.709103194103196
2023-05-18,100000000.0,6.564631449631451
2023-05-19,99860392.74793586,6.492985257985259
2023-05-22,99250720.3289466,6.609609950859952
2023-05-23,96753497.10944097,6.475135135135136
2023-05-24,94767883.87929927,6.114622235872236
2023-05-25,91980171.51367135,6.184155405405406
2023-05-26,90330358.66858675,6.201600122850125
2023-05-29,87641848.27415927,6.045482186732188
2023-05-30,86655870.55876616,6.333218673218674
2023-05-31,85774144.46074012,6.227813267813269
2023-06-01,84769382.71761443,6.01965601965602
2023-06-02,84206502.0735486,6.475135135135136
2023-06-05,84939069.61459157,6.333218673218674
2023-06-06,80892235.55339395,6.421732186732188
2023-06-07,80572224.56385034,6.564631449631451
2023-06-08,80071459.9912898,6.809339680589682
2023-06-09,79002253.00878854,6.609609950859952
2023-06-12,78111963.5488335,6.519806511056513
2023-06-13,78849643.23213969,6.564631449631451
2023-06-14,77654277.45600511,6.368550368550371
2023-06-15,76648115.30187888,6.654742014742017
2023-06-16,73514497.1502853,6.492985257985259
2023-06-19,72977238.12269594,6.184155405405407
2023-06-20,70978569.97682819,6.028258599508601
2023-06-21,66523996.61926666,5.968169533169534
2023-06-26,62789959.614492096,5.806587837837839
2023-06-27,64411476.49264857,6.306784398034399
2023-06-28,62843648.27827909,6.210331695331697
2023-06-29,62818811.269449465,6.028258599508601
2023-06-30,63721738.49880849,6.036867321867323
2023-07-03,64372168.697663724,6.149339680589683
2023-07-04,64746122.47806029,6.036867321867323
2023-07-05,63442095.535753965,5.993885135135137
2023-07-06,62269199.692982964,5.993885135135137
2023-07-07,60999971.7925345,5.908381449631451
2023-07-10,60386050.63486597,5.942509213759215
2023-07-11,61046391.37412934,5.899864864864865
2023-07-12,58869901.824073486,5.747616707616708
2023-07-13,56527663.92596305,5.848894348894349
2023-07-14,55871828.88750012,5.831953316953316
2023-07-17,55305648.09375805,5.772853194103195
2023-07-18,54556626.08975668,5.764434889434889
2023-07-19,53559769.24601793,5.933968058968059
2023-07-20,51955993.84713986,5.916904176904176
2023-07-21,51183710.31566944,6.002469287469287
2023-07-24,50592026.84172307,5.848894348894349
2023-07-25,50615112.0118014,6.836805896805896
2023-07-26,50872503.22854933,6.791059582309582
2023-07-27,50308353.02258524,6.663786855036856
2023-07-28,50308268.3589406,7.123860565110565
2023-07-31,51038893.22805174,7.142582923832923
2023-08-01,49200382.59304901,6.993492014742014
2023-08-02,48610519.38509179,6.965712530712531
2023-08-03,48360971.30592223,7.236563267813267
2023-08-04,47650094.173242375,7.133218673218673
2023-08-07,46171522.4574083,6.663786855036856
2023-08-08,45301851.60754361,6.528759213759215
2023-08-09,44535073.446821645,6.6366707616707625
2023-08-10,45194413.9184223,6.681894963144965
2023-08-11,42901688.42873306,6.546683046683048
2023-08-14,42200750.41319055,6.368550368550371
2023-08-15,42217295.689762644,6.271624692874695
2023-08-16,40723292.985834636,6.49298525798526
2023-08-17,40838243.236529544,6.484057125307127
2023-08-18,40358603.47173648,6.289192260442263
2023-08-21,39482699.749647774,6.00246928746929
2023-08-22,38717325.990833856,6.036867321867324
2023-08-23,36551161.23264674,5.865859950859953
2023-08-24,35624051.875821546,5.772853194103197
2023-08-25,33919687.422440104,5.547714987714989
2023-08-28,32527016.13430563,6.062730343980347
2023-08-29,32256043.746001247,6.192874692874694
2023-08-30,32802637.201123126,6.192874692874694
2023-08-31,32300752.42296391,5.714054054054056
2023-09-01,32525703.886217427,6.062730343980347
2023-09-04,33020678.254501384,6.054103194103194
2023-09-05,32960780.629815362,5.916904176904178
2023-09-06,31874168.369602885,6.166735257985258
2023-09-07,30741554.963325996,6.01965601965602
2023-09-08,30365708.668224588,5.942509213759215
2023-09-11,30876139.265639126,5.76443488943489
2023-09-12,31082180.548588037,5.722435503685505
2023-09-13,30386009.085969202,5.697309582309583
2023-09-14,29763087.33749469,5.605654176904178
2023-09-15,30201055.19796384,5.531216216216217
2023-09-18,30814447.10486941,5.440912162162163
2023-09-19,30407062.30912784,5.432739557739559
2023-09-20,29917845.8064233,5.424573095823095
2023-09-21,28587312.85476677,5.400110565110564
2023-09-22,29446203.157889254,5.506514127764127
2023-09-25,29443527.035623133,5.302813267813268
2023-09-26,28985795.23427651,5.246464987714988
2023-09-27,29211034.81764668,5.2304207616707625
2023-09-28,29436702.300777912,5.254496314496314
2023-10-09,28722788.639859598,5.1029514742014745
2023-10-10,28161462.149948396,5.047678132678133
2023-10-11,28247348.18251636,5.008381449631449
2023-10-12,27883039.473003935,5.063439803439803
2023-10-13,27197602.661164656,4.86818488943489
2023-10-16,26950087.24429088,4.578750000000001
2023-10-17,27063791.478585493,4.407874692874693
2023-10-18,25565991.038277414,4.211428132678134
2023-10-19,24713000.865159966,4.0335257985258
2023-10-20,24095657.483432647,4.175540540540541
2023-10-23,22330849.188834492,4.146941031941032
2023-10-24,23187462.13948984,4.175540540540541
2023-10-25,23061913.655688055,4.204238329238329
2023-10-26,22955365.42013962,4.1113298525798525
2023-10-27,24081068.14392404,4.154081695331696
2023-10-30,24689819.24153265,4.132678132678132
2023-10-31,24986948.686588526,3.9425337837837833
2023-11-01,25043959.905099176,3.9494963144963138
2023-11-02,24543291.736784007,3.866351351351352
2023-11-03,24825481.755958203,3.900887592137592
2023-11-06,25062166.438848283,4.400519041769042
2023-11-07,25338987.896634642,4.371157862407862
2023-11-08,25686445.537118256,4.51894656019656
2023-11-09,25023331.276711557,4.393169533169533
2023-11-10,24341057.10667611,4.341894963144963
2023-11-13,24818879.854273155,4.218624078624078
2023-11-14,24863947.768450484,4.261928746928747
2023-11-15,25012214.879607745,4.341894963144964
2023-11-16,24587033.329659496,4.276412776412777
2023-11-17,25241735.440994844,4.146941031941031
2023-11-20,25539430.82608431,4.1113298525798525
2023-11-21,25286885.566866875,4.363832923832924
2023-11-22,24623069.461795263,4.305454545454546
2023-11-23,25086721.558821112,4.54879914004914
2023-11-24,24519216.95584334,4.511498771498771
2023-11-27,24206190.025166858,4.276412776412777
2023-11-28,24730059.416177824,4.240248771498772
2023-11-29,24350138.204979762,4.033525798525799
2023-11-30,23944659.521836184,4.019459459459459
2023-12-01,22595777.901509557,3.991400491400492
2023-12-04,21676456.522011366,3.838832923832924
2023-12-05,20015434.977027927,3.5756787469287463
2023-12-06,20185815.8160197,3.615555896805897
2023-12-07,20111907.21398472,3.648955773955775
2023-12-08,19401658.988708906,3.569054054054054
2023-12-11,19555811.628046066,3.4704207616707627
2023-12-12,19761307.33031338,3.7229760442260447
2023-12-13,19709377.444606867,3.4769533169533173
2023-12-14,19745128.93859481,3.3860565110565117
2023-12-15,19433121.704161696,3.4769533169533173
2023-12-18,18586761.416030277,3.4119041769041765
2023-12-19,18553770.90737162,3.309103194103195
2023-12-20,18254290.558494665,3.2330343980343983
2023-12-21,18136415.482617036,3.33465601965602
2023-12-22,17633774.242838383,3.3091031941031943
2023-12-25,17212411.679386836,3.258292383292384
2023-12-26,16571760.386716897,3.176563267813268
2023-12-27,16858310.406854603,3.176563267813268
2023-12-28,17346387.06553944,3.3989680589680584
2023-12-29,17431969.80313977,3.3603071253071257
2024-01-02,17680693.206543766,3.1640816953316957
2024-01-03,16905841.015735883,3.1516246928746936
2024-01-04,16735952.458508898,3.0284060196560194
2024-01-05,16129426.456919137,3.0651136363636367
2024-01-08,15252488.469625454,2.961683046683047
2024-01-09,15497812.99451764,2.997985257985259
2024-01-10,15089020.562353788,2.913624078624079
2024-01-11,15552671.455492606,2.925601965601966
2024-01-12,15456646.306615414,2.8897420147420148
2024-01-15,15308326.342548259,2.8957033169533184
2024-01-16,15111922.422962528,2.8363667076167083
2024-01-17,13627748.051175697,2.679226044226045
2024-01-18,12818862.23736096,2.713759213759215
2024-01-19,12639237.01262753,2.7195362407862413
2024-01-22,10821126.87446863,2.5154330466830475
2024-01-23,10355722.338414947,2.588218673218673
2024-01-24,10082543.332936935,2.719536240786241
2024-01-25,10550114.635117544,3.0467321867321875
2024-01-26,10551417.69532451,3.1953316953316957
2024-01-29,9735447.895206038,3.1082186732186736
2024-01-30,8847005.33848636,2.9436148648648643
2024-01-31,7815255.546458846,2.8304668304668303
2024-02-01,7153526.7807067465,2.736904176904176
2024-02-02,6230810.226380585,2.765973587223587
2024-02-05,4999370.316922235,2.588218673218673
2024-02-06,3875609.5817548195,2.777644348894349
2024-02-07,3742481.5988687305,2.783488943488943
2024-02-08,2852076.886210906,3.108218673218673
2024-02-19,2955520.5901106037,2.9737592137592133
2024-02-20,3096172.511723833,3.010135135135134
2024-02-21,3197267.1210347107,3.201600122850123
2024-02-22,3288598.089886903,3.1640816953316957
2024-02-23,2888152.1208717884,3.195331695331695
2024-02-26,2940868.7780265836,3.058980343980344
2024-02-27,3139952.8343469314,3.108218673218673
2024-02-28,2709622.5538953957,3.028406019656019
2024-02-29,2788788.5480731945,3.0958722358722346
2024-03-01,2975946.73008584,3.004057125307125
2024-03-04,2971675.283263084,2.7311087223587216
2024-03-05,2879045.4933837475,2.76014742014742
2024-03-06,2851500.559263853,2.6734920147420143
2024-03-07,2734125.9303819705,2.6051627764127767
2024-03-08,2733921.927297069,2.5882186732186727
2024-03-11,2825376.7700780663,2.748513513513513
2024-03-12,2924338.695739951,3.071253071253071
2024-03-13,2967228.248089774,2.883786855036855
2024-03-14,2772860.23707285,2.895703316953317
2024-03-15,2825360.4496117737,2.754327395577396
2024-03-18,3034328.7208147566,2.736904176904176
2024-03-19,3037759.410012786,2.6734920147420147
2024-03-20,2905902.4086732254,2.6907125307125304
2024-03-21,2913697.578421791,2.713759213759214
2024-03-22,2772353.269143555,2.6335257985257985
2024-03-25,2590918.1675509647,2.6792260442260445
2024-03-26,2585039.104081164,2.748513513513514
2024-03-27,2399171.6861402728,2.605162776412777
2024-03-28,2482047.805861811,2.6221621621621627
2024-03-29,2613529.3753336277,2.487714987714988
2024-04-01,2720443.671774222,2.4766707616707624
2024-04-02,2675074.211984516,2.2189803439803444
2024-04-03,2674970.0362668717,2.060076781326782
2024-04-08,2504852.071470982,1.9656019656019663
2024-04-09,2541610.5526398844,1.960691031941033
2024-04-10,2438499.4560291,1.7646314496314504
2024-04-11,2462585.081017101,1.7000491400491409
2024-04-12,2466819.1829113443,1.5482186732186736
2024-04-15,2344561.4498984506,1.5657125307125312
2024-04-16,2024710.353686941,1.535162776412777
2024-04-17,2146671.5692809788,1.5482186732186736
2024-04-18,2168915.721299447,1.4537592137592144
2024-04-19,2133505.4119180944,1.3786855036855044
2024-04-22,2093077.2996973426,1.3745730958230968
2024-04-23,2181043.657733634,1.325703316953318
2024-04-24,2341164.4636304104,1.3136240786240794
2024-04-25,2434489.138354595,1.3176443488943494
2024-04-26,2484481.32462112,1.4495362407862415
2024-04-29,2479250.970296415,1.755331695331696
2024-04-30,2501683.560610855,1.6863667076167086
2024-05-06,2593315.7986376826,1.709201474201475
2024-05-07,2665192.2541748094,1.7368058968058977
2024-05-08,2610919.0687614377,1.5921375921375929
2024-05-09,2475921.161563878,1.6366707616707623
2024-05-10,2423808.9251360614,1.755331695331696
2024-05-13,2240770.6384362075,1.6909213759213766
2024-05-14,2266567.9334117286,1.709201474201475
2024-05-15,2221536.700594123,1.8351627764127776
2024-05-16,2258463.9153642366,2.0550491400491406
2024-05-17,2336953.954573719,2.4877149877149884
2024-05-20,2444730.788626325,2.588218673218674
2024-05-21,2359459.7158167562,2.593860565110566
2024-05-22,2308102.510279811,2.713759213759216
2024-05-23,2169591.696901948,2.8069287469287487
2024-05-24,2067869.0168258233,2.482189803439805
2024-05-27,2080346.7743783563,2.4163667076167084
2024-05-28,2045011.709355472,2.2294348894348905
2024-05-29,2049760.7272730088,2.2609459459459478
2024-05-30,2037758.5540921402,2.1005190417690422
2024-05-31,2107357.923666316,2.090371621621623
2024-06-03,2043913.0662103463,2.010076781326782
2024-06-04,1980814.3889139916,2.146486486486487
2024-06-05,1878618.2621531677,2.020027641277642
2024-06-06,1619746.9353051342,1.9754422604422608
2024-06-07,1658547.9975836924,2.050027641277642
2024-06-11,1747735.032071515,1.9705190417690428
2024-06-12,1834207.150900419,1.911919533169534
2024-06-13,1842532.9536004125,1.825678746928748
2024-06-14,1851787.6441130508,1.9362285012285023
2024-06-17,1820059.2872519568,1.7973740786240795
2024-06-18,1880962.1782528367,1.7414281326781336
2024-06-19,1919918.5303541569,1.7137868550368556
2024-06-20,1822351.154352049,1.5965632678132684
2024-06-21,1802584.0296735861,1.58771805896806
2024-06-24,1677696.1306659412,1.5006173218673229
2024-06-25,1630444.0897157467,1.552582923832925
2024-06-26,1682958.9638538696,1.58771805896806
2024-06-27,1641905.453728852,1.5049140049140055
2024-06-28,1638119.5812206103,1.474966216216217
2024-07-01,1647960.2375157524,1.6321898034398044
2024-07-02,1714959.9994041012,1.5613298525798534
2024-07-03,1620256.4133022698,1.5744963144963156
2024-07-04,1499373.5612909144,1.4792260442260454
2024-07-05,1521151.457107224,1.4537592137592148
2024-07-08,1447861.6987567318,1.3663667076167088
2024-07-09,1486121.251910474,1.382804054054055
2024-07-10,1481430.261351596,1.3581848894348905
2024-07-11,1584118.1717912473,1.424327395577396
2024-07-12,1555497.4263225163,1.4834920147420156
2024-07-15,1456228.6425723517,1.4327057739557747
2024-07-16,1453756.2503087942,1.4707125307125313
2024-07-17,1372090.1474302472,1.5569533169533178
2024-07-18,1287421.5466415621,1.5657125307125312
2024-07-19,1318255.195075004,1.5308230958230964
2024-07-22,1356592.7305521306,1.4963267813267822
2024-07-23,1264056.7126074713,1.4411087223587231
2024-07-24,1188859.7395693501,1.3581848894348905
2024-07-25,1191230.340721292,1.3786855036855048
2024-07-26,1223121.473167549,1.4369041769041777
2024-07-29,1242683.973587548,1.3745730958230968
2024-07-30,1271646.4895903093,1.3993396805896814
2024-07-31,1386990.685418471,1.543860565110566
2024-08-01,1406188.2602485411,1.4622235872235885
2024-08-02,1319044.277734967,1.4243273955773963
2024-08-05,1180312.340502475,1.411805896805898
2024-08-06,1224198.8203959824,1.4537592137592146
2024-08-07,1245549.4757211169,1.415973587223588
2024-08-08,1215575.811068428,1.4707125307125315
2024-08-09,1227110.047826823,1.583304668304669
2024-08-12,1191141.7692708478,1.4537592137592146
2024-08-13,1007547.1475485465,1.432705773955775
2024-08-14,992644.4206990105,1.4118058968058975
2024-08-15,1023427.1173323123,1.466464987714989
2024-08-16,1037886.6347187172,1.420147420147421
2024-08-19,885632.4177800133,1.420147420147421
2024-08-20,828564.9511352504,1.3663667076167083
2024-08-21,842503.1902338933,1.3176443488943497
2024-08-22,774901.6330829842,1.2856541769041778
2024-08-23,807740.5308444392,1.2619195331695343
2024-08-26,833147.5195927586,1.309609950859952
2024-08-27,770517.9609777917,1.222853194103195
2024-08-28,740860.7539372816,1.1882186732186744
2024-08-29,760866.9488537706,1.195872235872237
2024-08-30,811400.4267959995,1.4034889434889446
2024-09-02,747231.1548763341,1.2658599508599515
2024-09-03,754843.6369516972,1.3056019656019664
2024-09-04,736130.0191120595,1.2816830466830476
2024-09-05,758213.227908408,1.333786855036856
2024-09-06,708982.0092538527,1.2856541769041778
2024-09-09,687640.1281152404,1.2462192874692886
2024-09-10,711285.9105763027,1.2189803439803448
2024-09-11,697129.1851166985,1.222853194103195
2024-09-12,701767.8406213032,1.222853194103195
2024-09-13,673288.2524452159,1.226732186732188
2024-09-18,646086.2209612104,1.2936148648648662
2024-09-19,681573.490459531,1.40764434889435
2024-09-20,678078.5380300856,1.4579883292383302
2024-09-23,667068.1679019701,1.4749662162162172
2024-09-24,725887.9758966842,1.5569533169533183
2024-09-25,779041.1579116746,1.6411578624078638
2024-09-26,828294.3112681534,1.9853071253071268
2024-09-27,974714.2040690157,2.400049140049142
2024-09-30,469260.03648738144,2.9016707616707644
2024-10-08,32853.86329176617,3.3091031941031974
2024-10-09,28918.349548301514,2.679226044226046
2024-10-10,28592.313558074915,2.5544963144963155
2024-10-11,27088.082862319923,2.54330466830467
2024-10-14,27325.393259332704,2.6792260442260467
2024-10-15,27206.137909355995,2.5995085995086016
2024-10-16,27386.251775437526,3.0712530712530746
2024-10-17,27155.126814801428,2.60516277641278
2024-10-18,27443.359256917884,2.69646498771499
2024-10-21,27316.24250272922,2.593860565110567
2024-10-22,27205.158428601757,2.6221621621621645
2024-10-23,27341.122364657596,2.6734920147420174
2024-10-24,27266.658206374865,2.554496314496316
2024-10-25,27458.195739185136,2.565712530712533
2024-10-28,27341.18614544608,2.7079883292383315
2024-10-29,26799.9770239658,2.5601013513513533
2024-10-30,26269.40537096037,2.610823095823098
2024-10-31,26215.690634460818,2.644914004914006
2024-11-01,25764.64191428722,2.548897420147421
2024-11-04,25893.495062038517,2.5265632678132697
2024-11-05,25915.078137057746,2.6792260442260454
2024-11-06,25439.476512392375,2.771805896805898
2024-11-07,25731.977464563555,3.004057125307127
2024-11-08,25764.89237532788,2.77764434889435
2024-11-11,24936.513544374542,2.656326781326783
2024-11-12,24750.932359701837,2.593860565110566
2024-11-13,24722.346519101397,2.526563267813269
2024-11-14,24515.49513745148,2.4601504914004924
2024-11-15,24324.53530710753,2.329978501228503
2024-11-18,23894.054791173283,2.400049140049141
2024-11-19,24169.477697978917,2.3514281326781337
2024-11-20,24426.96897918362,2.3568058968058976
2024-11-21,24503.40832100006,2.3139557739557746
2024-11-22,24043.847335296767,2.1774078624078634
2024-11-25,24105.775854042775,2.156769041769043
2024-11-26,24058.684166678897,2.146486486486487
2024-11-27,24266.379895306425,2.192951474201475
2024-11-28,24400.950530186707,2.2085503685503696
2024-11-29,24379.56227548823,2.271498771498772
2024-12-02,23752.613969399146,2.313955773955775
2024-12-03,22821.301731577027,2.346056511056512
2024-12-04,22577.719727698557,2.2451627764127777
2024-12-05,22444.634228638308,2.22943488943489
2024-12-06,22453.823074211094,2.313955773955775
2024-12-09,22474.26997001309,2.177407862407864
2024-12-10,22454.12447951228,2.260945945945948
2024-12-11,22525.377425310737,2.2979883292383314
2024-12-12,22666.50249859734,2.319290540540542
2024-12-13,22553.37722514051,2.1722389434889453
2024-12-16,22473.916010095614,2.0802487714987734
2024-12-17,22116.9226795337,2.035000000000002
2024-12-18,22059.877026322247,2.035000000000002
2024-12-19,22097.869404216704,1.9216246928746945
2024-12-20,22163.31807550536,1.8781449631449647
2024-12-23,21802.0447405018,1.8020761670761685
2024-12-24,21784.220542542116,1.835162776412778
2024-12-25,21614.072407148346,1.7460565110565125
2024-12-26,21637.972598888897,1.7321898034398049
2024-12-27,21756.885156069373,1.7506910319410331
2024-12-30,21679.38455199591,1.6636855036855052
2024-12-31,21544.43919413845,1.6187837837837846
2025-01-02,21365.04968057082,1.552582923832925
2025-01-03,21105.071979111464,1.504914004914006
2025-01-06,21072.31742487524,1.4963267813267824
2025-01-07,21154.736112967308,1.5264895577395587
2025-01-08,21117.045760743225,1.4877641277641287
2025-01-09,21066.952319457803,1.483492014742016
2025-01-10,20876.056555642917,1.3745730958230968
2025-01-13,20816.242848871196,1.4034889434889444
2025-01-14,20856.847049608314,1.466464987714989
2025-01-15,20895.088091953152,1.4453194103194114
2025-01-16,20961.271915895737,1.4537592137592146
2025-01-17,20481.184149649576,1.350027641277642
2025-01-20,20536.48896854808,1.4411087223587231
2025-01-21,20491.170132719028,1.6636855036855047
2025-01-22,20380.62632529259,1.513525798525799
2025-01-23,20359.935323681195,1.6636855036855047
2025-01-24,20390.8869850562,1.677275798525799
2025-01-27,20300.02455998476,1.6232463144963152
2025-02-05,20338.001877872626,1.492042383292384
2025-02-06,20373.24844579815,1.5135257985257993
2025-02-07,20449.544295625386,1.6909213759213766
2025-02-10,20536.61426902616,1.6909213759213766
2025-02-11,20505.236680120877,1.6098771498771505
2025-02-12,20502.90445680903,1.9459950859950863
2025-02-13,20466.694537444677,1.9508875921375928
2025-02-14,20369.600412300962,1.8733445945945948
2025-02-17,19603.69812239738,1.811498771498772
2025-02-18,19534.704826760262,1.7368058968058968
2025-02-19,19532.44487245275,1.7973740786240793
2025-02-20,19534.69457615203,1.736805896805897
2025-02-21,19519.617828627885,1.7833046683046687
2025-02-24,19546.29005389713,1.878144963144964
2025-02-25,19545.531703629633,1.811498771498772
2025-02-26,19556.19145268702,1.887764127764128
2025-02-27,19550.069864537574,1.8733445945945943
2025-02-28,19495.598105088873,1.844671375921376
2025-03-03,19503.35314647361,1.863762285012285
2025-03-04,19508.716120119832,1.7926781326781327
2025-03-05,19494.112356804162,1.741428132678133
2025-03-06,19115.185298972545,1.8542045454545453
2025-03-07,19095.11630226794,1.741428132678133
2025-03-10,19098.84641873165,1.7183783783783788
2025-03-11,19091.952535423272,1.6954821867321868
2025-03-12,19095.45992680978,1.7000491400491409
2025-03-13,19066.911484197164,1.6591676904176906
2025-03-14,19086.749139453834,1.7460565110565116
2025-03-17,19124.535943598476,1.7553316953316958
2025-03-18,19124.99456550533,1.7414281326781331
2025-03-19,19101.351950685836,1.7137868550368551
2025-03-20,19095.926803991784,1.6954821867321872
2025-03-21,19073.298156251236,1.6636855036855045
2025-03-24,19019.038866720177,1.583304668304669
2025-03-25,19018.230284078152,1.58771805896806
2025-03-26,19050.05692326096,1.592137592137593
2025-03-27,19045.484420615703,1.578897420147421
2025-03-28,18993.3999969994,1.556953316953318
2025-03-31,18960.67754754291,1.5264895577395587
2025-04-01,18989.804727361756,1.552582923832925
2025-04-02,18986.58473486924,1.522162162162163
2025-04-03,18986.365221800017,1.5657125307125317
2025-04-07,18836.93040564267,1.3378378378378386
2025-04-08,17625.566218854325,1.420147420147421
2025-04-09,17574.026970055726,1.5308230958230964
2025-04-10,19038.941092913603,1.5921375921375926
2025-04-11,19499.274860461665,1.5395085995086
2025-04-14,18769.80759904212,1.5264895577395583
2025-04-15,18419.037602926295,1.5006173218673229
2025-04-16,18002.781284928442,1.5221621621621628
2025-04-17,15183.454540445162,1.5921375921375926
2025-04-18,15617.233754072331,1.6411578624078629
2025-04-21,16274.709108965906,1.583304668304669
2025-04-22,17255.29109552724,1.583304668304669
2025-04-23,16644.849162386658,1.535162776412777
2025-04-24,15811.974253486824,1.5395085995086002
2025-04-25,15412.259936079392,1.5264895577395583
2025-04-28,15350.604091574118,1.4327057739557747
2025-04-29,15318.471987604791,1.424327395577396
2025-04-30,15242.377957953804,1.424327395577396
2025-05-06,15634.901943194285,1.4327057739557747
2025-05-07,15568.68791699398,1.462223587223588
2025-05-08,15567.496107043691,1.4537592137592144
2025-05-09,15289.848555810857,1.4118058968058975
2025-05-12,15156.519316488497,1.441108722358723
2025-05-13,15454.8084806309,1.4453194103194111
2025-05-14,15330.054325150404,1.4579883292383298
2025-05-15,15008.624659433151,1.4159735872235877
2025-05-16,14831.900836541194,1.4076443488943493
2025-05-19,15075.361256020018,1.420147420147421
2025-05-20,15180.728262166842,1.4118058968058975
2025-05-21,15056.5473851508,1.403488943488944
2025-05-22,14660.861960955668,1.366366707616708
2025-05-23,14481.0571927445,1.3500276412776415
2025-05-26,14627.675605297134,1.3500276412776415
2025-05-27,14795.162629591881,1.366366707616708
2025-05-28,14960.950976668597,1.3704668304668308
2025-05-29,13180.617228806883,1.378685503685504
2025-05-30,13236.262742579482,1.3541031941031942
2025-06-03,13355.184949682789,1.3297420147420151
2025-06-04,13288.958765482908,1.3459582309582312
2025-06-05,13117.040563644523,1.354103194103194
2025-06-06,12909.938283219153,1.337837837837838
2025-06-09,12901.422336272355,1.3459582309582312
2025-06-10,12815.627752705292,1.337837837837838
2025-06-11,12722.995396618606,1.3257033169533172
2025-06-12,12775.28343884995,1.3016001228501228
2025-06-13,12389.51064242288,1.273759213759214
2025-06-16,12361.399222564498,1.325703316953317
2025-06-17,12185.914383276477,1.309609950859951
2025-06-18,12019.341836945503,1.2737592137592135
2025-06-19,11933.48198302525,1.2267321867321868
2025-06-20,12057.026511398404,1.2151136363636363
2025-06-23,12141.571038704256,1.2151136363636363
2025-06-24,12406.440809585709,1.2384060196560196
2025-06-25,12620.151375295793,1.269806511056511
2025-06-26,12418.852898096764,1.254057125307125
2025-06-27,12517.20038602336,1.254057125307125
2025-06-30,13396.455099068182,1.2658599508599508
2025-07-01,13664.890096173496,1.2384060196560196
2025-07-02,13210.693091922434,1.2976044226044223
2025-07-03,13377.1988242984,1.281683046683047
2025-07-04,13303.497895554316,1.2737592137592135
2025-07-07,13022.583247934625,1.3056019656019653
2025-07-08,13386.346329957349,1.3216707616707613
2025-07-09,13935.510838126682,1.3136240786240785
2025-07-10,13990.075192736445,1.403488943488943
2025-07-11,9870.507217375793,1.403488943488943
2025-07-14,9828.521676695535,1.362272727272727
2025-07-15,9816.808669631397,1.3378378378378375
2025-07-16,9819.949783171736,1.3216707616707613
2025-07-17,9820.529740611808,1.3216707616707613
2025-07-18,9805.953286618113,1.325703316953317
2025-07-21,9814.281027119157,1.3378378378378375
2025-07-22,9809.978086251493,1.3786855036855037
2025-07-23,9797.86206684002,1.3869287469287466
2025-07-24,9805.231566502836,1.4243273955773952
2025-07-25,9803.850153785528,1.4118058968058969
2025-07-28,9809.002934704162,1.415973587223587
2025-07-29,9805.218623792756,1.4243273955773952
2025-07-30,9785.368986995909,1.3786855036855037
2025-07-31,9758.852080379615,1.2737592137592135
2025-08-01,9761.575009037802,1.254057125307125
2025-08-04,9774.92722147232,1.2619195331695332
2025-08-05,9785.727948312684,1.277718058968059
2025-08-06,9791.586699691235,1.273759213759214
2025-08-07,9794.769560595565,1.285654176904177
2025-08-08,9807.641238879307,1.277718058968059
2025-08-11,9817.810036556637,1.28963144963145
2025-08-12,9814.222521619864,1.285654176904177
2025-08-13,9808.033984782778,1.281683046683047
2025-08-14,9801.104476194785,1.269806511056511
2025-08-15,9805.950894811913,1.309609950859951
2025-08-18,9827.719296878995,1.2976044226044228
2025-08-19,9825.892790330881,1.3096099508599512
2025-08-20,9846.24511167083,1.3176443488943492
2025-08-21,9855.625261312409,1.321670761670762
2025-08-22,9851.07485160742,1.321670761670762
2025-08-25,9875.83904012969,1.574496314496315
2025-08-26,9912.177697071991,1.5006173218673224
2025-08-27,9880.415696107006,1.3951965601965608
2025-08-28,9883.349004142088,1.4076443488943493
2025-08-29,9880.76356792237,1.4159735872235877
2025-09-01,9886.256814557963,1.4243273955773958
2025-09-02,9903.699654859416,1.3869287469287472
2025-09-03,9894.801368618462,1.3297420147420151
2025-09-04,9869.402909458928,1.3096099508599512
2025-09-05,9899.075058360933,1.3337868550368557
2025-09-08,9930.741602219308,1.4034889434889437
2025-09-09,9945.988870166535,1.445319410319411
2025-09-10,10001.737831611852,1.445319410319411
2025-09-11,10049.047022049186,1.4327057739557747
2025-09-12,10030.028907685444,1.479226044226045
2025-09-15,10023.487207605713,1.492042383292384
2025-09-16,9982.216939898799,1.5221621621621626
2025-09-17,9959.962679949023,1.5264895577395583
2025-09-18,9919.166703939516,1.4076443488943493
2025-09-19,9903.423317772329,1.496326781326782
2025-09-22,9935.494633499347,1.5049140049140055
2025-09-23,9911.330007820317,1.4034889434889437
2025-09-24,9853.958190548954,1.4369041769041773
2025-09-25,9849.55349870326,1.4201474201474205
2025-09-26,9824.438324760087,1.4201474201474205
2025-09-29,9843.480097802361,1.424327395577396
2025-09-30,9856.533720694482,1.4579883292383298
2025-10-09,9840.923755113517,1.4159735872235877
2025-10-10,9825.999106233869,1.3993396805896812
2025-10-13,9785.10244765221,1.3257033169533177
2025-10-14,9786.30088886265,1.3096099508599517
2025-10-15,9803.95325869402,1.293614864864865
2025-10-16,9806.879776334988,1.2579852579852586
2025-10-17,9776.907364074092,1.2267321867321872
2025-10-20,9795.342768376657,1.2345085995086
2025-10-21,9817.632964928047,1.2579852579852586
2025-10-22,9840.98589048636,1.2501351351351355
2025-10-23,9851.463546582903,1.2501351351351355
2025-10-24,9835.228858474198,1.2423095823095829
2025-10-27,9762.35760894924,1.2267321867321872
2025-10-28,9772.523888690519,1.207398648648649
2025-10-29,9768.65353757017,1.2228531941031944
2025-10-30,9796.464766071424,1.2073986486486488
2025-10-31,9767.65739822591,1.2073986486486488
2025-11-03,9794.98209861861,1.2189803439803444
2025-11-04,9778.473160757672,1.192042383292384
2025-11-05,9763.582380669892,1.1882186732186737
2025-11-06,9750.010720009232,1.1729852579852582
2025-11-07,9757.750180046192,1.1729852579852582
2025-11-10,9757.875782148294,1.203550368550369
2025-11-11,9776.962543525056,1.2112530712530718
2025-11-12,9767.931450431963,1.203550368550369
2025-11-13,9781.538202915215,1.2112530712530718
2025-11-14,9780.329444887957,1.2073986486486492
2025-11-17,9805.10161848463,1.2035503685503692
2025-11-18,9802.547581640094,1.154081695331696
2025-11-19,9744.878717814729,1.1278746928746932
2025-11-20,9697.626513495026,1.1805896805896812
2025-11-21,9649.473239194025,1.1278746928746932
2025-11-24,9658.638599755579,1.120442260442261
2025-11-25,9695.83929188257,1.120442260442261
2025-11-26,9695.79365759878,1.065482186732187
2025-11-27,9703.524546338638,0.9189465601965606
2025-11-28,9713.984693236154,0.8889557739557743
2025-12-01,9706.660078753186,0.8304668304668309
2025-12-02,9680.886355446753,0.8304668304668309
2025-12-03,9669.086776515467,0.7708875921375924
2025-12-04,9661.517029635832,0.7586271498771501
2025-12-05,9622.564062374526,0.7525337837837841
2025-12-08,9630.928994229456,0.7404207616707619
2025-12-09,9629.19055833202,0.6987991400491401
2025-12-10,9308.240061450524,0.8465141277641282
2025-12-11,9302.842249738813,0.789462530712531
2025-12-12,9298.9261143615,0.7739680589680591
2025-12-15,9298.196080020709,0.72840601965602
2025-12-16,9292.815955347647,0.7586271498771501
2025-12-17,9290.785858791414,0.7555773955773959
2025-12-18,9290.399743781243,0.72840601965602
2025-12-19,9246.135447937013,0.7374078624078629
2025-12-22,9213.45301550458,0.746464987714988
2025-12-23,9213.45301550458,0.7046713759213763
2025-12-24,9213.45301550458,0.6958722358722362
2025-12-25,9213.45301550458,0.7046713759213763
2025-12-26,9213.45301550458,0.6987991400491402
2025-12-29,9213.380489483074,0.6900368550368554
2025-12-30,9212.852801311032,0.6555405405405409
2025-12-31,9214.738027117482,0.6640816953316957
