date,portfolio_return,benchmark_return,excess_return
2020-04-07,0.0,0.022538736359996703,-0.022538736359996703
2020-04-08,0.0,-0.008110565597080344,0.008110565597080344
2020-04-09,0.0,-0.01992937663446892,0.01992937663446892
2020-04-10,0.0,0.014288219052241091,-0.014288219052241091
2020-04-13,0.0,0.0119401927437639,-0.0119401927437639
2020-04-14,0.0,0.02306042877525294,-0.02306042877525294
2020-04-15,0.0,-0.04696717010517726,0.04696717010517726
2020-04-16,0.0,-0.00896856457518036,0.00896856457518036
2020-04-17,0.0,0.01056197880130716,-0.01056197880130716
2020-04-20,0.0,-0.010451589336297418,0.010451589336297418
2020-04-21,0.0,-0.0416930645364928,0.0416930645364928
2020-04-22,0.0,0.008472906491251875,-0.008472906491251875
2020-04-23,0.0,-0.009925496893640973,0.009925496893640973
2020-04-24,0.0,-0.02446390532544407,0.02446390532544407
2020-04-27,0.0,0.01563697945477993,-0.01563697945477993
2020-04-28,0.0,0.039801013595025525,-0.039801013595025525
2020-04-29,0.0,0.03593674099743582,-0.03593674099743582
2020-04-30,0.0,-0.004462619944346602,0.004462619944346602
2020-05-06,0.0,-0.03989251503675628,0.03989251503675628
2020-05-07,0.0,-0.02196486711768031,0.02196486711768031
2020-05-08,0.0,0.022458157564287706,-0.022458157564287706
2020-05-11,0.0,0.011456847541921888,-0.011456847541921888
2020-05-12,0.0,-0.036019539258089206,0.036019539258089206
2020-05-13,0.0,0.0,0.0
2020-05-14,0.0,-0.03364958521778871,0.03364958521778871
2020-05-15,0.0,0.0,0.0
2020-05-18,0.0,0.057290599733647474,-0.057290599733647474
2020-05-19,0.0,-0.006095223898890834,0.006095223898890834
2020-05-20,0.0,-0.039404965223633015,0.039404965223633015
2020-05-21,0.0,-0.0023414626113842374,0.0023414626113842374
2020-05-22,0.0,-0.03256856870563829,0.03256856870563829
2020-05-25,0.0,0.023989551133477116,-0.023989551133477116
2020-05-26,0.0,0.02927639678154459,-0.02927639678154459
2020-05-27,0.0,0.005427398447426235,-0.005427398447426235
2020-05-28,0.0,0.01861868487351126,-0.01861868487351126
2020-05-29,0.0,-0.03338155034775381,0.03338155034775381
2020-06-01,0.0,0.05521658162879062,-0.05521658162879062
2020-06-02,0.0,0.06464876033057854,-0.06464876033057854
2020-06-03,0.0,-0.029152947315535416,0.029152947315535416
2020-06-04,0.0,-0.008179924751410828,0.008179924751410828
2020-06-05,0.0,-0.023799816625189596,0.023799816625189596
2020-06-08,0.0,0.014440246364059606,-0.014440246364059606
2020-06-09,0.0,-0.011993894510712755,0.011993894510712755
2020-06-10,0.0,-0.019570471549776758,0.019570471549776758
2020-06-11,0.0,-0.021275987303039923,0.021275987303039923
2020-06-12,0.0,-0.014617999135373538,0.014617999135373538
2020-06-15,0.0,-0.008538676235139597,0.008538676235139597
2020-06-16,0.0,0.017261352539062358,-0.017261352539062358
2020-06-17,0.0,-0.010814906991799766,0.010814906991799766
2020-06-18,0.0,0.016422012839549138,-0.016422012839549138
2020-06-19,0.0,0.004640364999080271,-0.004640364999080271
2020-06-22,0.0,-0.019938149917768322,0.019938149917768322
2020-06-23,0.0,-0.01086948451618186,0.01086948451618186
2020-06-24,0.0,0.06764297011730203,-0.06764297011730203
2020-06-29,0.0,-0.03603305785123945,0.03603305785123945
2020-06-30,0.0,0.01704734891784776,-0.01704734891784776
2020-07-01,0.0,0.1547615423746771,-0.1547615423746771
2020-07-02,0.0,0.021473976047848398,-0.021473976047848398
2020-07-03,0.0,0.01840018034916202,-0.01840018034916202
2020-07-06,0.0,0.1722880403497713,-0.1722880403497713
2020-07-07,0.0,-0.045882920733737564,0.045882920733737564
2020-07-08,0.0,0.006611552244333296,-0.006611552244333296
2020-07-09,0.0,0.015188820117728596,-0.015188820117728596
2020-07-10,0.0,-0.09305935672991439,0.09305935672991439
2020-07-13,0.0,0.0020579654993733154,-0.0020579654993733154
2020-07-14,0.0,-0.01772893601050829,0.01772893601050829
2020-07-15,0.0,-0.045091505481159144,0.045091505481159144
2020-07-16,0.0,-0.051649098027604534,0.051649098027604534
2020-07-17,0.0,-0.0223860032729839,0.0223860032729839
2020-07-20,0.0,0.08013387947152184,-0.08013387947152184
2020-07-21,0.0,-0.020389691468241433,0.020389691468241433
2020-07-22,0.0,-0.009260858409700146,0.009260858409700146
2020-07-23,0.0,-0.025658231938889497,0.025658231938889497
2020-07-24,0.0,-0.035293438809829825,0.035293438809829825
2020-07-27,0.0,-0.025729485701818766,0.025729485701818766
2020-07-28,0.0,0.014293593458143405,-0.014293593458143405
2020-07-29,0.0,0.01794356734772684,-0.01794356734772684
2020-07-30,0.0,-0.016895931040947998,0.016895931040947998
2020-07-31,0.0,-0.0029739760487529354,0.0029739760487529354
2020-08-03,0.0,0.033055630206933806,-0.033055630206933806
2020-08-04,0.0,0.034008672956028496,-0.034008672956028496
2020-08-05,0.0,-0.0279205819409708,0.0279205819409708
2020-08-06,0.0,0.0021949874502436018,-0.0021949874502436018
2020-08-07,0.0,-0.025402700194913752,0.025402700194913752
2020-08-10,0.0,0.05854636789065304,-0.05854636789065304
2020-08-11,0.0,0.005040496066634148,-0.005040496066634148
2020-08-12,0.0,0.060427168907945195,-0.060427168907945195
2020-08-13,0.0,-0.007648155488028552,0.007648155488028552
2020-08-14,0.0,-0.06330089490928659,0.06330089490928659
2020-08-17,0.0,0.038661420570349936,-0.038661420570349936
2020-08-18,0.0,-0.03583055176518979,0.03583055176518979
2020-08-19,0.0,-0.01868446089483755,0.01868446089483755
2020-08-20,0.0,0.002917576859981841,-0.002917576859981841
2020-08-21,0.0,-0.008714555405121893,0.008714555405121893
2020-08-24,0.0,-0.016742197385520297,0.016742197385520297
2020-08-25,0.0,0.004428038865986306,-0.004428038865986306
2020-08-26,0.0,-0.008074843083847094,0.008074843083847094
2020-08-27,0.0,-0.009578136011467842,0.009578136011467842
2020-08-28,0.0,0.04654038778608105,-0.04654038778608105
2020-08-31,0.0,-0.021644380926895912,0.021644380926895912
2020-09-01,0.0,-0.00366367158656955,0.00366367158656955
2020-09-02,0.0,0.0221640849507192,-0.0221640849507192
2020-09-03,0.0,0.021186626428136845,-0.021186626428136845
2020-09-04,0.0,0.018785716659289964,-0.018785716659289964
2020-09-07,0.0,0.025814642994528958,-0.025814642994528958
2020-09-08,0.0,-0.009124360095310258,0.009124360095310258
2020-09-09,0.0,-0.022486983231155278,0.022486983231155278
2020-09-10,0.0,0.0346045194131821,-0.0346045194131821
2020-09-11,0.0,-0.03206482795199228,0.03206482795199228
2020-09-14,0.0,-0.021313775510204302,0.021313775510204302
2020-09-15,0.0,0.012312033259914923,-0.012312033259914923
2020-09-16,0.0,0.02309559388771154,-0.02309559388771154
2020-09-17,0.0,-0.009201862242994574,0.009201862242994574
2020-09-18,0.0,0.09033488467081807,-0.09033488467081807
2020-09-21,0.0,-0.010891681906603501,0.010891681906603501
2020-09-22,0.0,-0.012315996097697068,0.012315996097697068
2020-09-23,0.0,-0.0178751984066422,0.0178751984066422
2020-09-24,0.0,-0.0413747890589905,0.0413747890589905
2020-09-25,0.0,-0.03387191144995627,0.03387191144995627
2020-09-28,0.0,0.05727833150950512,-0.05727833150950512
2020-09-29,0.0,-0.007731476889505928,0.007731476889505928
2020-09-30,0.0,-0.018996928869191798,0.018996928869191798
2020-10-09,0.0,0.0007139032433753911,-0.0007139032433753911
2020-10-12,0.0,0.02007838042136445,-0.02007838042136445
2020-10-13,0.0,-0.022479085254950237,0.022479085254950237
2020-10-14,0.0,-0.014949068856699999,0.014949068856699999
2020-10-15,0.0,-0.005751246163805845,0.005751246163805845
2020-10-16,0.0,0.011585710748217792,-0.011585710748217792
2020-10-19,0.0,-0.008595948669612108,0.008595948669612108
2020-10-20,0.0,-0.01865764548654203,0.01865764548654203
2020-10-21,0.0,0.010946825956789086,-0.010946825956789086
2020-10-22,0.0,0.026228394996233195,-0.026228394996233195
2020-10-23,0.0,-0.007844505278705838,0.007844505278705838
2020-10-26,0.0,0.008626847176565589,-0.008626847176565589
2020-10-27,0.0,-0.03749885204081649,0.03749885204081649
2020-10-28,0.0,-0.03964280986147761,0.03964280986147761
2020-10-29,0.0,0.0344673226929606,-0.0344673226929606
2020-10-30,0.0,0.012456373812068433,-0.012456373812068433
2020-11-02,0.0,0.029248915517405827,-0.029248915517405827
2020-11-03,0.0,0.0057327005481933035,-0.0057327005481933035
2020-11-04,0.0,0.009297285959223522,-0.009297285959223522
2020-11-05,0.0,0.07891303448637665,-0.07891303448637665
2020-11-06,0.0,0.014410519395134713,-0.014410519395134713
2020-11-09,0.0,0.007481694718556975,-0.007481694718556975
2020-11-10,0.0,-0.01616679336525595,0.01616679336525595
2020-11-11,0.0,0.03022846062343132,-0.03022846062343132
2020-11-12,0.0,-0.0006717044310941,0.0006717044310941
2020-11-13,0.0,-0.04714587217452881,0.04714587217452881
2020-11-16,0.0,0.010353684222999648,-0.010353684222999648
2020-11-17,0.0,0.0520295787202103,-0.0520295787202103
2020-11-18,0.0,0.054821586338945405,-0.054821586338945405
2020-11-19,0.0,0.009776705768557381,-0.009776705768557381
2020-11-20,0.0,-0.00258648452981447,0.00258648452981447
2020-11-23,0.0,0.01104425604137993,-0.01104425604137993
2020-11-24,0.0,-0.012204799759538476,0.012204799759538476
2020-11-25,0.0,-0.0032388642697845915,0.0032388642697845915
2020-11-26,0.0,0.009111570247934075,-0.009111570247934075
2020-11-27,0.0,0.04377856259106472,-0.04377856259106472
2020-11-30,0.0,-0.056747946666111604,0.056747946666111604
2020-12-01,0.0,0.003259981538265899,-0.003259981538265899
2020-12-02,0.0,0.02486816048648266,-0.02486816048648266
2020-12-03,0.0,-0.014722154660791076,0.014722154660791076
2020-12-04,0.0,-0.05740409086624543,0.05740409086624543
2020-12-07,0.0,-0.038946555555555484,0.038946555555555484
2020-12-08,0.0,-0.015579778717358939,0.015579778717358939
2020-12-09,0.0,-0.035323282351841234,0.035323282351841234
2020-12-10,0.0,-0.005574902032589812,0.005574902032589812
2020-12-11,0.0,-0.008379851335012178,0.008379851335012178
2020-12-14,0.0,0.03258731540710813,-0.03258731540710813
2020-12-15,0.0,-0.025424144250653646,0.025424144250653646
2020-12-16,0.0,0.003505694069150689,-0.003505694069150689
2020-12-17,0.0,0.016853635874614747,-0.016853635874614747
2020-12-18,0.0,-0.023439378579219405,0.023439378579219405
2020-12-21,0.0,-0.023023822714681286,0.023023822714681286
2020-12-22,0.0,-0.008501555480702083,0.008501555480702083
2020-12-23,0.0,-0.015624759707804747,0.015624759707804747
2020-12-24,0.0,0.007920761142964361,-0.007920761142964361
2020-12-25,0.0,0.011485907269335183,-0.011485907269335183
2020-12-28,0.0,0.022905484986259106,-0.022905484986259106
2020-12-29,0.0,0.007049678567342843,-0.007049678567342843
2020-12-30,0.0,-0.009793575139318111,0.009793575139318111
2020-12-31,0.0,0.022678230259724153,-0.022678230259724153
2021-01-04,0.0,-0.0630839272056235,0.0630839272056235
2021-01-05,0.0,0.009381150155935547,-0.009381150155935547
2021-01-06,0.0,0.06109929276949866,-0.06109929276949866
2021-01-07,0.0,0.0027845444234402272,-0.0027845444234402272
2021-01-08,0.0,0.038572668305938196,-0.038572668305938196
2021-01-11,0.0,0.030218081129544272,-0.030218081129544272
2021-01-12,0.0,-0.005365516812118054,0.005365516812118054
2021-01-13,0.0,0.013513360314707068,-0.013513360314707068
2021-01-14,0.0,0.006029127190970929,-0.006029127190970929
2021-01-15,0.0,-0.0026657768883948663,0.0026657768883948663
2021-01-18,0.0,0.0893922815153807,-0.0893922815153807
2021-01-19,0.0,0.0012799998690118386,-0.0012799998690118386
2021-01-20,0.0,-0.04925031560494797,0.04925031560494797
2021-01-21,0.0,-0.026057511421660684,0.026057511421660684
2021-01-22,0.0,-0.05503515413737159,0.05503515413737159
2021-01-25,0.0,0.006846950222134218,-0.006846950222134218
2021-01-26,0.0,0.02329486817780224,-0.02329486817780224
2021-01-27,0.0,-0.020099989796959594,0.020099989796959594
2021-01-28,0.0,-0.06489784349113781,0.06489784349113781
2021-01-29,0.0,-0.04451609862063799,0.04451609862063799
2021-02-01,0.0,0.020252650546605855,-0.020252650546605855
2021-02-02,0.0,0.019330141743204132,-0.019330141743204132
2021-02-03,0.0,-0.029420451030908512,0.029420451030908512
2021-02-04,0.0,-0.002147842587499227,0.002147842587499227
2021-02-05,0.0,0.07225319569105726,-0.07225319569105726
2021-02-08,0.0,0.017387954550686535,-0.017387954550686535
2021-02-09,0.0,-0.02591977037721349,0.02591977037721349
2021-02-10,0.0,0.005572960302457464,-0.005572960302457464
2021-02-18,0.0,0.08353440558230729,-0.08353440558230729
2021-02-19,0.0,-0.011297467099992797,0.011297467099992797
2021-02-22,0.0,-0.007359065148171973,0.007359065148171973
2021-02-23,0.0,0.018924892934267135,-0.018924892934267135
2021-02-24,0.0,-0.001332444888691553,0.001332444888691553
2021-02-25,0.0,0.210073358897781,-0.210073358897781
2021-02-26,0.0,0.006679805329234734,-0.006679805329234734
2021-03-01,0.0,0.015162786027874908,-0.015162786027874908
2021-03-02,0.0,-0.0035949641371220142,0.0035949641371220142
2021-03-03,0.0,0.012656194717296065,-0.012656194717296065
2021-03-04,0.0,-0.047773579861884685,0.047773579861884685
2021-03-05,0.0,-0.06912034882594731,0.06912034882594731
2021-03-08,0.0,-0.021443716326441153,0.021443716326441153
2021-03-09,0.0,-0.011505177514792853,0.011505177514792853
2021-03-10,0.0,-0.021163422363060236,0.021163422363060236
2021-03-11,0.0,0.030201849266585867,-0.030201849266585867
2021-03-12,0.0,0.021948991185920086,-0.021948991185920086
2021-03-15,0.0,-0.003173090178385629,0.003173090178385629
2021-03-16,0.0,0.0950317742426301,-0.0950317742426301
2021-03-17,0.0,-0.011516800473018507,0.011516800473018507
2021-03-18,0.0,-0.0006113403494631964,0.0006113403494631964
2021-03-19,0.0,-0.08963891928288859,0.08963891928288859
2021-03-22,0.0,0.027754047501643564,-0.027754047501643564
2021-03-23,0.0,-0.013234453178342598,0.013234453178342598
2021-03-24,0.0,-0.04157021702637831,0.04157021702637831
2021-03-25,0.0,-0.013607487642911975,0.013607487642911975
2021-03-26,0.0,0.011160261544354455,-0.011160261544354455
2021-03-29,0.0,0.018312242296007142,-0.018312242296007142
2021-03-30,0.0,0.02401342351716962,-0.02401342351716962
2021-03-31,0.0,-0.08543732710319696,0.08543732710319696
2021-04-01,0.0,-0.011301222222222185,0.011301222222222185
2021-04-02,0.0,0.011430399709427386,-0.011430399709427386
2021-04-06,0.0,-0.03763900000000009,0.03763900000000009
2021-04-07,0.0,0.01843279185253799,-0.01843279185253799
2021-04-08,0.0,-0.03537178745932956,0.03537178745932956
2021-04-09,0.0,-0.02114177303288378,0.02114177303288378
2021-04-12,0.0,-0.018623493155717652,0.018623493155717652
2021-04-13,0.0,-0.02087625205211585,0.02087625205211585
2021-04-14,0.0,0.0335033019747879,-0.0335033019747879
2021-04-15,0.0,-0.009019901888150272,0.009019901888150272
2021-04-16,0.0,0.016835902048722096,-0.016835902048722096
2021-04-19,0.0,0.009026164972298245,-0.009026164972298245
2021-04-20,0.0,-0.018534007134363817,0.018534007134363817
2021-04-21,0.0,-0.005561337846791692,0.005561337846791692
2021-04-22,0.0,0.02599575425868572,-0.02599575425868572
2021-04-23,0.0,-0.06306672695605253,0.06306672695605253
2021-04-26,0.0,-0.0275751250145585,0.0275751250145585
2021-04-27,0.0,0.016675442140520635,-0.016675442140520635
2021-04-28,0.0,-0.01782177811671537,0.01782177811671537
2021-04-29,0.0,0.015230968500451247,-0.015230968500451247
2021-04-30,0.0,0.020179671688229428,-0.020179671688229428
2021-05-06,0.0,-0.017670618660047266,0.017670618660047266
2021-05-07,0.0,0.0057388691390052315,-0.0057388691390052315
2021-05-10,0.0,-0.03258724489795928,0.03258724489795928
2021-05-11,0.0,0.005818169544371754,-0.005818169544371754
2021-05-12,0.0,-0.04226635821516911,0.04226635821516911
2021-05-13,0.0,-0.011067983409727367,0.011067983409727367
2021-05-14,0.0,0.01418686778096645,-0.01418686778096645
2021-05-17,0.0,0.003697537981473209,-0.003697537981473209
2021-05-18,0.0,0.0125761664534767,-0.0125761664534767
2021-05-19,0.0,-0.0377461197745641,0.0377461197745641
2021-05-20,0.0,0.014997915948318896,-0.014997915948318896
2021-05-21,0.0,-0.02944262077819204,0.02944262077819204
2021-05-24,0.0,-0.028399145623245414,0.028399145623245414
2021-05-25,0.0,0.044001737238708705,-0.044001737238708705
2021-05-26,0.0,0.03163646966558753,-0.03163646966558753
2021-05-27,0.0,-0.0014711288924407206,0.0014711288924407206
2021-05-28,0.0,-0.015404134339462416,0.015404134339462416
2021-05-31,0.0,-0.01846682339658745,0.01846682339658745
2021-06-01,0.0,-0.007476609294561398,0.007476609294561398
2021-06-02,0.0,0.012066255865226916,-0.012066255865226916
2021-06-03,0.0,-0.00671514609181767,0.00671514609181767
2021-06-04,0.0,-0.025334291031393952,0.025334291031393952
2021-06-07,0.0,-0.029404607649354597,0.029404607649354597
2021-06-08,0.0,0.009273520709971006,-0.009273520709971006
2021-06-09,0.0,-0.011478764690256438,0.011478764690256438
2021-06-10,0.0,-0.019968775327593224,0.019968775327593224
2021-06-11,0.0,-0.02787319175130809,0.02787319175130809
2021-06-15,0.0,-0.04147460826496463,0.04147460826496463
2021-06-16,0.0,0.016220335576950573,-0.016220335576950573
2021-06-17,0.0,0.0032076964168310518,-0.0032076964168310518
2021-06-18,0.0,-0.03410416000000005,0.03410416000000005
2021-06-21,0.0,-0.02989125618348254,0.02989125618348254
2021-06-22,0.0,0.002480875623249723,-0.002480875623249723
2021-06-23,0.0,0.022410592940231622,-0.022410592940231622
2021-06-24,0.0,-0.013829404414827495,0.013829404414827495
2021-06-25,0.0,0.014851281926531623,-0.014851281926531623
2021-06-28,0.0,-0.03477993228685783,0.03477993228685783
2021-06-29,0.0,-0.02312060573282848,0.02312060573282848
2021-06-30,0.0,0.0008405126756585446,-0.0008405126756585446
2021-07-01,0.0,0.10069267745262489,-0.10069267745262489
2021-07-02,0.0,-0.07307351085031355,0.07307351085031355
2021-07-05,0.0,-0.01903536032434172,0.01903536032434172
2021-07-06,0.0,0.05618333978389556,-0.05618333978389556
2021-07-07,0.0,-0.03562465291127348,0.03562465291127348
2021-07-08,0.0,0.0008321197892586785,-0.0008321197892586785
2021-07-09,0.0,0.0008317737215866039,-0.0008317737215866039
2021-07-12,0.0,-0.019850622819509667,0.019850622819509667
2021-07-13,0.0,0.0016799661045863168,-0.0016799661045863168
2021-07-14,0.0,-0.052154006294761523,0.052154006294761523
2021-07-15,0.0,0.02689101493751389,-0.02689101493751389
2021-07-16,0.0,0.036898868816234165,-0.036898868816234165
2021-07-19,0.0,-0.038863324340462246,0.038863324340462246
2021-07-20,0.0,-0.03294387336063309,0.03294387336063309
2021-07-21,0.0,-0.030939245586732667,0.030939245586732667
2021-07-22,0.0,0.04268087917439356,-0.04268087917439356
2021-07-23,0.0,-0.008598412375179776,0.008598412375179776
2021-07-26,0.0,-0.14571534442634249,0.14571534442634249
2021-07-27,0.0,-0.1092033834111854,0.1092033834111854
2021-07-28,0.0,0.03300604095804971,-0.03300604095804971
2021-07-29,0.0,0.010765765347331202,-0.010765765347331202
2021-07-30,0.0,0.005833726081628576,-0.005833726081628576
2021-08-02,0.0,0.02336824763445211,-0.02336824763445211
2021-08-03,0.0,-0.0019129598681347781,0.0019129598681347781
2021-08-04,0.0,-0.03135941009380383,0.03135941009380383
2021-08-05,0.0,0.043280823580253314,-0.043280823580253314
2021-08-06,0.0,0.01050864530649509,-0.01050864530649509
2021-08-09,0.0,0.11497585409132771,-0.11497585409132771
2021-08-10,0.0,-0.037346615138163286,0.037346615138163286
2021-08-11,0.0,0.11763392427399166,-0.11763392427399166
2021-08-12,0.0,-0.04026141788721016,0.04026141788721016
2021-08-13,0.0,0.013294779869894802,-0.013294779869894802
2021-08-16,0.0,0.014974466873360237,-0.014974466873360237
2021-08-17,0.0,0.013985844188954433,-0.013985844188954433
2021-08-18,0.0,0.052576597502424605,-0.052576597502424605
2021-08-19,0.0,-0.04748325034338219,0.04748325034338219
2021-08-20,0.0,-0.034258684791177885,0.034258684791177885
2021-08-23,0.0,0.006163313609467869,-0.006163313609467869
2021-08-24,0.0,0.01760529572211289,-0.01760529572211289
2021-08-25,0.0,-0.14866912087173856,0.14866912087173856
2021-08-26,0.0,-0.034536469582672646,0.034536469582672646
2021-08-27,0.0,0.0028770064255667638,-0.0028770064255667638
2021-08-30,0.0,-0.135722854330258,0.135722854330258
2021-08-31,0.0,0.03844805998226897,-0.03844805998226897
2021-09-01,0.0,0.10568411386593168,-0.10568411386593168
2021-09-02,0.0,0.03683648601387324,-0.03683648601387324
2021-09-03,0.0,-0.025309496262014952,0.025309496262014952
2021-09-06,0.0,-0.03598188304974881,0.03598188304974881
2021-09-07,0.0,0.003896732792251667,-0.003896732792251667
2021-09-08,0.0,-0.02509552466445819,0.02509552466445819
2021-09-09,0.0,-0.012748092286422819,0.012748092286422819
2021-09-10,0.0,0.019900009802960472,-0.019900009802960472
2021-09-13,0.0,0.08609092656670536,-0.08609092656670536
2021-09-14,0.0,-0.10347783877256844,0.10347783877256844
2021-09-15,0.0,-0.05389829496252496,0.05389829496252496
2021-09-16,0.0,-0.05638323068399598,0.05638323068399598
2021-09-17,0.0,0.005264534205512872,-0.005264534205512872
2021-09-22,0.0,0.10873059236676363,-0.10873059236676363
2021-09-23,0.0,0.047360607371311536,-0.047360607371311536
2021-09-24,0.0,-0.02225916256711702,0.02225916256711702
2021-09-27,0.0,-0.04956691944633884,0.04956691944633884
2021-09-28,0.0,0.13232804015736543,-0.13232804015736543
2021-09-29,0.0,0.008557127631612316,-0.008557127631612316
2021-09-30,0.0,0.013269997092613561,-0.013269997092613561
2021-10-08,0.0,-0.0065588954014181855,0.0065588954014181855
2021-10-11,0.0,0.08261869549334855,-0.08261869549334855
2021-10-12,0.0,0.018181445916340744,-0.018181445916340744
2021-10-13,0.0,0.0,0.0
2021-10-14,0.0,-0.08767519958173287,0.08767519958173287
2021-10-15,0.0,-0.019621106923229603,0.019621106923229603
2021-10-18,0.0,-0.07351388222841382,0.07351388222841382
2021-10-19,0.0,0.0,0.0
2021-10-20,0.0,-0.029338251352860056,0.029338251352860056
2021-10-21,0.0,0.0743322500000001,-0.0743322500000001
2021-10-22,0.0,0.058724849784598465,-0.058724849784598465
2021-10-25,0.0,-0.06818224278626495,0.06818224278626495
2021-10-26,0.0,-0.08272168220591147,0.08272168220591147
2021-10-27,0.0,-0.00607593530522621,0.00607593530522621
2021-10-28,0.0,-0.05318983244143349,0.05318983244143349
2021-10-29,0.0,-0.09387116351679647,0.09387116351679647
2021-11-01,0.0,-0.0021953890196168002,0.0021953890196168002
2021-11-02,0.0,-0.05955854774642255,0.05955854774642255
2021-11-03,0.0,0.04702548063821155,-0.04702548063821155
2021-11-04,0.0,0.0011083401754128364,-0.0011083401754128364
2021-11-05,0.0,-0.02640147459741038,0.02640147459741038
2021-11-08,0.0,0.05575048401460636,-0.05575048401460636
2021-11-09,0.0,-0.009806532975835447,0.009806532975835447
2021-11-10,0.0,0.08516473254683321,-0.08516473254683321
2021-11-11,0.0,0.19982128600789872,-0.19982128600789872
2021-11-12,0.0,-0.09663158532807381,0.09663158532807381
2021-11-15,0.0,-0.036105328721992014,0.036105328721992014
2021-11-16,0.0,-0.016426825379955212,0.016426825379955212
2021-11-17,0.0,0.02299977092076899,-0.02299977092076899
2021-11-18,0.0,-0.037665213593330304,0.037665213593330304
2021-11-19,0.0,0.08666153899767837,-0.08666153899767837
2021-11-22,0.0,-0.06717406126107928,0.06717406126107928
2021-11-23,0.0,0.0020822482650637575,-0.0020822482650637575
2021-11-24,0.0,0.006246731298706676,-0.006246731298706676
2021-11-25,0.0,-0.00827297377110825,0.00827297377110825
2021-11-26,0.0,-0.02379020076424898,0.02379020076424898
2021-11-29,0.0,-0.05503991596696889,0.05503991596696889
2021-11-30,0.0,-0.021551091698956082,0.021551091698956082
2021-12-01,0.0,0.02313335788638926,-0.02313335788638926
2021-12-02,0.0,0.06155814210491939,-0.06155814210491939
2021-12-03,0.0,0.025382385695733145,-0.025382385695733145
2021-12-06,0.0,0.022963761088769408,-0.022963761088769408
2021-12-07,0.0,0.046710617935392884,-0.046710617935392884
2021-12-08,0.0,-0.012996612706725919,0.012996612706725919
2021-12-09,0.0,0.06045289921085217,-0.06045289921085217
2021-12-10,0.0,-0.023391003460207727,0.023391003460207727
2021-12-13,0.0,-0.025627322688334342,0.025627322688334342
2021-12-14,0.0,-0.039796974823868014,0.039796974823868014
2021-12-15,0.0,0.011313872452333618,-0.011313872452333618
2021-12-16,0.0,0.018442234485262166,-0.018442234485262166
2021-12-17,0.0,-0.026103291227928316,0.026103291227928316
2021-12-20,0.0,0.003074556218602309,-0.003074556218602309
2021-12-21,0.0,0.07815734502615856,-0.07815734502615856
2021-12-22,0.0,-0.04382223250110728,0.04382223250110728
2021-12-23,0.0,-0.021036226394428814,0.021036226394428814
2021-12-24,0.0,-0.001017552719667858,0.001017552719667858
2021-12-27,0.0,-0.002035622881935817,0.002035622881935817
2021-12-28,0.0,0.006125559950995285,-0.006125559950995285
2021-12-29,0.0,-0.030255428316478428,0.030255428316478428
2021-12-30,0.0,-0.02665179916950744,0.02665179916950744
2021-12-31,0.0,0.06806603525848653,-0.06806603525848653
2022-01-04,0.0,0.0752514485567699,-0.0752514485567699
2022-01-05,0.0,0.06747521258688738,-0.06747521258688738
2022-01-06,0.0,-0.01130466661118168,0.01130466661118168
2022-01-07,0.0,0.08140238432416869,-0.08140238432416869
2022-01-10,0.0,0.024820935943474343,-0.024820935943474343
2022-01-11,0.0,0.012675292262378068,-0.012675292262378068
2022-01-12,0.0,-0.022295843471616394,0.022295843471616394
2022-01-13,0.0,-0.046609386006859044,0.046609386006859044
2022-01-14,0.0,-0.07561554978212293,0.07561554978212293
2022-01-17,0.0,0.0164925669210485,-0.0164925669210485
2022-01-18,0.0,0.0701887629377469,-0.0701887629377469
2022-01-19,0.0,0.028923165112766158,-0.028923165112766158
2022-01-20,0.0,0.019270031900919582,-0.019270031900919582
2022-01-21,0.0,-0.042062824318438885,0.042062824318438885
2022-01-24,0.0,0.0055529740570789965,-0.0055529740570789965
2022-01-25,0.0,-0.07946144534817023,0.07946144534817023
2022-01-26,0.0,-0.008626846830386503,0.008626846830386503
2022-01-27,0.0,-0.027783071763879175,0.027783071763879175
2022-01-28,0.0,-0.01073424772423548,0.01073424772423548
2022-02-07,0.0,0.057872453266794244,-0.057872453266794244
2022-02-08,0.0,-0.0028673820369734537,0.0028673820369734537
2022-02-09,0.0,-0.03606725532508326,0.03606725532508326
2022-02-10,0.0,0.0344378346222487,-0.0344378346222487
2022-02-11,0.0,0.031905180891258045,-0.031905180891258045
2022-02-14,0.0,-0.08679326711732083,0.08679326711732083
2022-02-15,0.0,-0.042038766032901353,0.042038766032901353
2022-02-16,0.0,0.019274220694782906,-0.019274220694782906
2022-02-17,0.0,-0.019899999999999696,0.019899999999999696
2022-02-18,0.0,0.06986634016937043,-0.06986634016937043
2022-02-21,0.0,0.021599769592284934,-0.021599769592284934
2022-02-22,0.0,-0.005788699852972035,0.005788699852972035
2022-02-23,0.0,-0.03648274592873024,0.03648274592873024
2022-02-24,0.0,-0.04103125313666678,0.04103125313666678
2022-02-25,0.0,-0.03100585937499989,0.03100585937499989
2022-02-28,0.0,-0.03350865146613624,0.03350865146613624
2022-03-01,0.0,0.018837890624999964,-0.018837890624999964
2022-03-02,0.0,-0.006182365401757872,0.006182365401757872
2022-03-03,0.0,0.017675769110416573,-0.017675769110416573
2022-03-04,0.0,-0.07843940440177799,0.07843940440177799
2022-03-07,0.0,-0.01808954417205344,0.01808954417205344
2022-03-08,0.0,-0.09164912390946867,0.09164912390946867
2022-03-09,0.0,-0.0765736291547644,0.0765736291547644
2022-03-10,0.0,-0.024582027494412628,0.024582027494412628
2022-03-11,0.0,-0.014260067012074495,0.014260067012074495
2022-03-14,0.0,-0.06613604595586553,0.06613604595586553
2022-03-15,0.0,-0.15392016859793856,0.15392016859793856
2022-03-16,0.0,0.09824735208181168,-0.09824735208181168
2022-03-17,0.0,0.15656087605550573,-0.15656087605550573
2022-03-18,0.0,0.09445716807848648,-0.09445716807848648
2022-03-21,0.0,-0.07311105820149233,0.07311105820149233
2022-03-22,0.0,0.09501275510204032,-0.09501275510204032
2022-03-23,0.0,0.037895024985731274,-0.037895024985731274
2022-03-24,0.0,-0.0474414382228161,0.0474414382228161
2022-03-25,0.0,-0.00799311668385938,0.00799311668385938
2022-03-28,0.0,0.041783113021393925,-0.041783113021393925
2022-03-29,0.0,-0.03237294904027532,0.03237294904027532
2022-03-30,0.0,0.17898847456917077,-0.17898847456917077
2022-03-31,0.0,0.017993817461894768,-0.017993817461894768
2022-04-01,0.0,0.16391985765803874,-0.16391985765803874
2022-04-06,0.0,0.054945744919120854,-0.054945744919120854
2022-04-07,0.0,-0.029004300355061075,0.029004300355061075
2022-04-08,0.0,0.05624524132826769,-0.05624524132826769
2022-04-11,0.0,-0.06858190018147758,0.06858190018147758
2022-04-12,0.0,-0.05421092666796201,0.05421092666796201
2022-04-13,0.0,0.03298954425312428,-0.03298954425312428
2022-04-14,0.0,0.04937537180249851,-0.04937537180249851
2022-04-15,0.0,0.028775510204081645,-0.028775510204081645
2022-04-18,0.0,-0.07099363001168202,0.07099363001168202
2022-04-19,0.0,0.012704490286511216,-0.012704490286511216
2022-04-20,0.0,-0.1227945841443403,0.1227945841443403
2022-04-21,0.0,-0.005161281707162346,0.005161281707162346
2022-04-22,0.0,0.05354801471180415,-0.05354801471180415
2022-04-25,0.0,-0.096492651924734,0.096492651924734
2022-04-26,0.0,0.01385541709946958,-0.01385541709946958
2022-04-27,0.0,-0.07552180695757427,0.07552180695757427
2022-04-28,0.0,0.052228052052625484,-0.052228052052625484
2022-04-29,0.0,0.07404958677685936,-0.07404958677685936
2022-05-05,0.0,0.005166615013829201,-0.005166615013829201
2022-05-06,0.0,-0.09441708348244038,0.09441708348244038
2022-05-09,0.0,-0.0010813732650715169,0.0010813732650715169
2022-05-10,0.0,0.008676748936488954,-0.008676748936488954
2022-05-11,0.0,-0.010746832268132778,0.010746832268132778
2022-05-12,0.0,-0.05132822101372314,0.05132822101372314
2022-05-13,0.0,0.07822466193434563,-0.07822466193434563
2022-05-16,0.0,0.022622500171414872,-0.022622500171414872
2022-05-17,0.0,0.020228393870295847,-0.020228393870295847
2022-05-18,0.0,-0.02604733093570455,0.02604733093570455
2022-05-19,0.0,0.04621810067070875,-0.04621810067070875
2022-05-20,0.0,-0.03603305785123945,0.03603305785123945
2022-05-23,0.0,-0.05735421740712743,0.05735421740712743
2022-05-24,0.0,-0.024911017232290944,0.024911017232290944
2022-05-25,0.0,0.011067984347665094,-0.011067984347665094
2022-05-26,0.0,0.018747868773052012,-0.018747868773052012
2022-05-27,0.0,-0.027003883295913744,0.027003883295913744
2022-05-30,0.0,-0.03496995681025561,0.03496995681025561
2022-05-31,0.0,-0.001122019547010411,0.001122019547010411
2022-06-01,0.0,0.007876200243319698,-0.007876200243319698
2022-06-02,0.0,-0.01892526112437376,0.01892526112437376
2022-06-06,0.0,-0.04686840912996604,0.04686840912996604
2022-06-07,0.0,0.016259896080906167,-0.016259896080906167
2022-06-08,0.0,0.012661744428743349,-0.012661744428743349
2022-06-09,0.0,0.03334063596613879,-0.03334063596613879
2022-06-10,0.0,0.003367945974459996,-0.003367945974459996
2022-06-13,0.0,-0.043196179316796424,0.043196179316796424
2022-06-14,0.0,0.032311831321597984,-0.032311831321597984
2022-06-15,0.0,0.06758373338623302,-0.06758373338623302
2022-06-16,0.0,-0.017372090727789335,0.017372090727789335
2022-06-17,0.0,-0.003297606988421631,0.003297606988421631
2022-06-20,0.0,0.047944205389734984,-0.047944205389734984
2022-06-21,0.0,0.0,0.0
2022-06-22,0.0,-0.029912831487727498,0.029912831487727498
2022-06-23,0.0,0.02972588013974753,-0.02972588013974753
2022-06-24,0.0,-0.0246177339435788,0.0246177339435788
2022-06-27,0.0,0.018624634166935605,-0.018624634166935605
2022-06-28,0.0,-0.006472474907339598,0.006472474907339598
2022-06-29,0.0,0.13200373087741712,-0.13200373087741712
2022-06-30,0.0,0.0906040921593545,-0.0906040921593545
2022-07-01,0.0,-0.00973230220107102,0.00973230220107102
2022-07-04,0.0,-0.018540705497885,0.018540705497885
2022-07-05,0.0,-0.01675259845839383,0.01675259845839383
2022-07-06,0.0,-0.05607721682383737,0.05607721682383737
2022-07-07,0.0,-0.028555382241626903,0.028555382241626903
2022-07-08,0.0,0.009401880919284178,-0.009401880919284178
2022-07-11,0.0,-0.03087821318503492,0.03087821318503492
2022-07-12,0.0,0.005275643709034439,-0.005275643709034439
2022-07-13,0.0,-0.007343274399549848,0.007343274399549848
2022-07-14,0.0,-0.05922278080435839,0.05922278080435839
2022-07-15,0.0,-0.0819880180524617,0.0819880180524617
2022-07-18,0.0,0.03203459076145254,-0.03203459076145254
2022-07-19,0.0,-0.011141974345369676,0.011141974345369676
2022-07-20,0.0,-0.004489332155031001,0.004489332155031001
2022-07-21,0.0,-0.05222758653924209,0.05222758653924209
2022-07-22,0.0,0.010437737356248089,-0.010437737356248089
2022-07-25,0.0,0.013856647787690468,-0.013856647787690468
2022-07-26,0.0,0.06384489795918391,-0.06384489795918391
2022-07-27,0.0,-0.03187483214524134,0.03187483214524134
2022-07-28,0.0,-0.012349025545816295,0.012349025545816295
2022-07-29,0.0,-0.04923689300130818,0.04923689300130818
2022-08-01,0.0,-0.03912161388811852,0.03912161388811852
2022-08-02,0.0,-0.04106334257330291,0.04106334257330291
2022-08-03,0.0,-0.054914726591584806,0.054914726591584806
2022-08-04,0.0,0.021282658895890094,-0.021282658895890094
2022-08-05,0.0,0.028543400873685565,-0.028543400873685565
2022-08-08,0.0,-0.022953025782153413,0.022953025782153413
2022-08-09,0.0,-0.0049109809155502004,0.0049109809155502004
2022-08-10,0.0,-0.015955558744465304,0.015955558744465304
2022-08-11,0.0,0.02248524362486015,-0.02248524362486015
2022-08-12,0.0,0.01232274266672273,-0.01232274266672273
2022-08-15,0.0,-0.01095882139838178,0.01095882139838178
2022-08-16,0.0,0.029682990276379106,-0.029682990276379106
2022-08-17,0.0,0.042795569770118336,-0.042795569770118336
2022-08-18,0.0,-0.010635079513038659,0.010635079513038659
2022-08-19,0.0,0.026377764636981382,-0.026377764636981382
2022-08-22,0.0,0.004708645638817011,-0.004708645638817011
2022-08-23,0.0,-0.02216320809074568,0.02216320809074568
2022-08-24,0.0,-0.028267119210749536,0.028267119210749536
2022-08-25,0.0,-0.0928067904211215,0.0928067904211215
2022-08-26,0.0,0.0,0.0
2022-08-29,0.0,-0.03257925630385061,0.03257925630385061
2022-08-30,0.0,0.04152708735777555,-0.04152708735777555
2022-08-31,0.0,0.09530912056258378,-0.09530912056258378
2022-09-01,0.0,0.025415023092897115,-0.025415023092897115
2022-09-02,0.0,-0.0047449517888070725,0.0047449517888070725
2022-09-05,0.0,0.0445326672335602,-0.0445326672335602
2022-09-06,0.0,0.08077639447113061,-0.08077639447113061
2022-09-07,0.0,-0.03663300614363407,0.03663300614363407
2022-09-08,0.0,0.006861043347719864,-0.006861043347719864
2022-09-09,0.0,0.06589768081165737,-0.06589768081165737
2022-09-13,0.0,0.0033085171777886835,-0.0033085171777886835
2022-09-14,0.0,-0.02948240368591326,0.02948240368591326
2022-09-15,0.0,0.06697018812032773,-0.06697018812032773
2022-09-16,0.0,-0.053323593864134544,0.053323593864134544
2022-09-19,0.0,0.020100000000000007,-0.020100000000000007
2022-09-20,0.0,-0.06704377808517936,0.06704377808517936
2022-09-21,0.0,0.0,0.0
2022-09-22,0.0,-0.007956774300672764,0.007956774300672764
2022-09-23,0.0,0.0022883287713868494,-0.0022883287713868494
2022-09-26,0.0,-0.00797944945223461,0.00797944945223461
2022-09-27,0.0,0.01843279185253799,-0.01843279185253799
2022-09-28,0.0,-0.01584581611570246,0.01584581611570246
2022-09-29,0.0,-0.035194501193367866,0.035194501193367866
2022-09-30,0.0,0.08087242560497754,-0.08087242560497754
2022-10-10,0.0,-0.007836521720530065,0.007836521720530065
2022-10-11,0.0,-0.08590896639883128,0.08590896639883128
2022-10-12,0.0,0.02369586057732964,-0.02369586057732964
2022-10-13,0.0,-0.04374824666850041,0.04374824666850041
2022-10-14,0.0,0.026361961451246918,-0.026361961451246918
2022-10-17,0.0,-0.04874475456399541,0.04874475456399541
2022-10-18,0.0,-0.02633038176803626,0.02633038176803626
2022-10-19,0.0,-0.025476660092044523,0.025476660092044523
2022-10-20,0.0,-0.006174730532006012,0.006174730532006012
2022-10-21,0.0,0.008703720237178914,-0.008703720237178914
2022-10-24,0.0,-0.07631160390376623,0.07631160390376623
2022-10-25,0.0,-0.0012849340144460708,0.0012849340144460708
2022-10-26,0.0,-0.06078349065869881,0.06078349065869881
2022-10-27,0.0,-0.023745854889084317,0.023745854889084317
2022-10-28,0.0,-0.0725107019418425,0.0725107019418425
2022-10-31,0.0,-0.11109554960327883,0.11109554960327883
2022-11-01,0.0,0.05092827632085695,-0.05092827632085695
2022-11-02,0.0,0.007228021297285503,-0.007228021297285503
2022-11-03,0.0,-0.038444224735267984,0.038444224735267984
2022-11-04,0.0,0.05951101211719867,-0.05951101211719867
2022-11-07,0.0,0.027248662754360664,-0.027248662754360664
2022-11-08,0.0,0.004220888732394901,-0.004220888732394901
2022-11-09,0.0,0.04108678932035592,-0.04108678932035592
2022-11-10,0.0,-0.03001192711470113,0.03001192711470113
2022-11-11,0.0,0.2095394716017469,-0.2095394716017469
2022-11-14,0.0,0.08154720876600807,-0.08154720876600807
2022-11-15,0.0,-0.004875068913953173,0.004875068913953173
2022-11-16,0.0,-0.05904067184767481,0.05904067184767481
2022-11-17,0.0,-0.006295231446658778,0.006295231446658778
2022-11-18,0.0,-0.020137936221600428,0.020137936221600428
2022-11-21,0.0,-0.010197511457705977,0.010197511457705977
2022-11-22,0.0,0.0038572770371358978,-0.0038572770371358978
2022-11-23,0.0,-0.014052843523997272,0.014052843523997272
2022-11-24,0.0,0.06960195482122433,-0.06960195482122433
2022-11-25,0.0,0.1688822180763434,-0.1688822180763434
2022-11-28,0.0,-0.022961347065694415,0.022961347065694415
2022-11-29,0.0,0.20974300430168524,-0.20974300430168524
2022-11-30,0.0,-0.019027049467677637,0.019027049467677637
2022-12-01,0.0,0.03788570319631446,-0.03788570319631446
2022-12-02,0.0,-0.06317977839335187,0.06317977839335187
2022-12-05,0.0,0.058470614777814234,-0.058470614777814234
2022-12-06,0.0,0.02767298830281284,-0.02767298830281284
2022-12-07,0.0,-0.06965023741927912,0.06965023741927912
2022-12-08,0.0,0.09739780861943004,-0.09739780861943004
2022-12-09,0.0,0.11456066865396997,-0.11456066865396997
2022-12-12,0.0,-0.0962923626578911,0.0962923626578911
2022-12-13,0.0,0.0030872119533971176,-0.0030872119533971176
2022-12-14,0.0,-0.023474558226412312,0.023474558226412312
2022-12-15,0.0,-0.013460887164782998,0.013460887164782998
2022-12-16,0.0,0.027381567199453283,-0.027381567199453283
2022-12-19,0.0,-0.0030935789665379465,0.0030935789665379465
2022-12-20,0.0,-0.06505591944928557,0.06505591944928557
2022-12-21,0.0,-0.0010686614251507187,0.0010686614251507187
2022-12-22,0.0,0.0032111298578745284,-0.0032111298578745284
2022-12-23,0.0,0.005346154602638764,-0.005346154602638764
2022-12-26,0.0,-0.043186847086550184,0.043186847086550184
2022-12-27,0.0,0.015300324278448851,-0.015300324278448851
2022-12-28,0.0,0.007577780754835839,-0.007577780754835839
2022-12-29,0.0,-0.044698919286569105,0.044698919286569105
2022-12-30,0.0,0.004410137980554563,-0.004410137980554563
2023-01-03,0.0,0.0032994203598599725,-0.0032994203598599725
2023-01-04,0.0,0.09427895944097009,-0.09427895944097009
2023-01-05,0.0,0.027453845559469503,-0.027453845559469503
2023-01-06,0.0,-0.011348889291524777,0.011348889291524777
2023-01-09,0.0,-0.045261558751777176,0.045261558751777176
2023-01-10,0.0,0.0021310595982177993,-0.0021310595982177993
2023-01-11,0.0,0.02031490493435939,-0.02031490493435939
2023-01-12,0.0,-0.040652476109900304,0.040652476109900304
2023-01-13,0.0,0.019448491155046765,-0.019448491155046765
2023-01-16,0.0,-0.008501555480701972,0.008501555480701972
2023-01-17,0.0,0.004282650347450456,-0.004282650347450456
2023-01-18,0.0,-0.027555642625195054,0.027555642625195054
2023-01-19,0.0,0.0075901056014693324,-0.0075901056014693324
2023-01-20,0.0,0.0032371168474507606,-0.0032371168474507606
2023-01-30,0.0,-0.052049381199734235,0.052049381199734235
2023-01-31,0.0,0.022233895322845365,-0.022233895322845365
2023-02-01,0.0,-0.010905043911634382,0.010905043911634382
2023-02-02,0.0,-0.0010992029947163307,0.0010992029947163307
2023-02-03,0.0,-0.022968881046520506,0.022968881046520506
2023-02-06,0.0,-0.07532030289770641,0.07532030289770641
2023-02-07,0.0,0.032669967421124824,-0.032669967421124824
2023-02-08,0.0,-0.006822038075767312,0.006822038075767312
2023-02-09,0.0,0.019522938775509813,-0.019522938775509813
2023-02-10,0.0,0.0,0.0
2023-02-13,0.0,-0.001131541634999178,0.001131541634999178
2023-02-14,0.0,0.005670530172927846,-0.005670530172927846
2023-02-15,0.0,-0.041347820666799984,0.041347820666799984
2023-02-16,0.0,-0.0011530699531328015,0.0011530699531328015
2023-02-17,0.0,-0.02750584442589432,0.02750584442589432
2023-02-20,0.0,0.05575925614608357,-0.05575925614608357
2023-02-21,0.0,0.007988555995454671,-0.007988555995454671
2023-02-22,0.0,-0.02255990584810541,0.02255990584810541
2023-02-23,0.0,0.00459505426015161,-0.00459505426015161
2023-02-24,0.0,-0.02841570912798752,0.02841570912798752
2023-02-27,0.0,-0.004640364970100674,0.004640364970100674
2023-02-28,0.0,-0.004651156487292418,0.004651156487292418
2023-03-01,0.0,0.009356674187043446,-0.009356674187043446
2023-03-02,0.0,-0.05610086588670726,0.05610086588670726
2023-03-03,0.0,0.009586523988282414,-0.009586523988282414
2023-03-06,0.0,-0.04237301031474361,0.04237301031474361
2023-03-07,0.0,-0.03852736024242187,0.03852736024242187
2023-03-08,0.0,-0.004953552755836421,0.004953552755836421
2023-03-09,0.0,0.003732500644100689,-0.003732500644100689
2023-03-10,0.0,-0.03565650610495741,0.03565650610495741
2023-03-13,0.0,0.0012638229386858768,-0.0012638229386858768
2023-03-14,0.0,-0.011331353305785052,0.011331353305785052
2023-03-15,0.0,0.01401703199798443,-0.01401703199798443
2023-03-16,0.0,-0.013823270769294349,0.013823270769294349
2023-03-17,0.0,0.019138321995464835,-0.019138321995464835
2023-03-20,0.0,-0.022513349946600147,0.022513349946600147
2023-03-21,0.0,0.0025461479193780168,-0.0025461479193780168
2023-03-22,0.0,0.020433699458642707,-0.020433699458642707
2023-03-23,0.0,-0.005025117677307178,0.005025117677307178
2023-03-24,0.0,-0.006295231446658778,0.006295231446658778
2023-03-27,0.0,-0.04254827147647122,0.04254827147647122
2023-03-28,0.0,-0.015453727610083567,0.015453727610083567
2023-03-29,0.0,0.0052185169073413196,-0.0052185169073413196
2023-03-30,0.0,0.027476640485771364,-0.027476640485771364
2023-03-31,0.0,-0.04562130177514789,0.04562130177514789
2023-04-03,0.0,0.022434142090506315,-0.022434142090506315
2023-04-04,0.0,-0.03345965205431789,0.03345965205431789
2023-04-06,0.0,-0.014468734002113237,0.014468734002113237
2023-04-07,0.0,0.10641304040289756,-0.10641304040289756
2023-04-10,0.0,-0.015113132730577017,0.015113132730577017
2023-04-11,0.0,0.04378108645381151,-0.04378108645381151
2023-04-12,0.0,0.0012472714721922795,-0.0012472714721922795
2023-04-13,0.0,-0.02476684038392507,0.02476684038392507
2023-04-14,0.0,-0.005040949755694579,0.005040949755694579
2023-04-17,0.0,0.015237875770985232,-0.015237875770985232
2023-04-18,0.0,-0.003762931752972709,0.003762931752972709
2023-04-19,0.0,-0.05213243147027413,0.05213243147027413
2023-04-20,0.0,-0.006449515587337862,0.006449515587337862
2023-04-21,0.0,-0.016779308557577477,0.016779308557577477
2023-04-24,0.0,-0.051604083899355,0.051604083899355
2023-04-25,0.0,-0.002682762037745978,0.002682762037745978
2023-04-26,0.0,-0.010723783096311723,0.010723783096311723
2023-04-27,0.0,0.01628195763330864,-0.01628195763330864
2023-04-28,0.0,0.02970804073917055,-0.02970804073917055
2023-05-04,0.0,-0.024941584402032202,0.024941584402032202
2023-05-05,0.0,0.08048724287200382,-0.08048724287200382
2023-05-08,0.0,0.005154630637256297,-0.005154630637256297
2023-05-09,0.0,-0.014070819209644592,0.014070819209644592
2023-05-10,0.0,-0.021857263615505218,0.021857263615505218
2023-05-11,0.0,0.0,0.0
2023-05-12,0.0,-0.031126489811611036,0.031126489811611036
2023-05-15,0.0,0.0,0.0
2023-05-16,0.0,-0.019821113950572178,0.019821113950572178
2023-05-17,0.0,-0.017361940478102356,0.017361940478102356
2023-05-18,0.0,-0.02153368942047662,0.02153368942047662
2023-05-19,-0.0013960725206413338,-0.010913970143779261,0.009517897623137928
2023-05-22,-0.006105247558240379,0.017961644488760475,-0.024066892047000854
2023-05-23,-0.025160756629564962,-0.020345348171009747,-0.004815408458555215
2023-05-24,-0.020522392362683384,-0.055676505854943215,0.03515411349225983
2023-05-25,-0.029416214138309527,0.011371621475688931,-0.04078783561399846
2023-05-26,-0.017936614141227047,0.002820873070148,-0.020757487211375047
2023-05-29,-0.029763087781942255,-0.02517381530981211,-0.004589272472130146
2023-05-30,-0.011250078984058054,0.04759529142571495,-0.058845370409773
2023-05-31,-0.01017503017788135,-0.016643260061607212,0.006468229883725862
2023-06-01,-0.011714039812843358,-0.0334238101249843,0.02170977031214094
2023-06-02,-0.0066401408860191635,0.07566530612244904,-0.0823054470084682
2023-06-05,0.008699655287938812,-0.021917142878825735,0.030616798166764547
2023-06-06,-0.047643965015863876,0.013976070949170305,-0.06162003596503418
2023-06-07,-0.003956016141158258,0.02225244820930139,-0.026208464350459648
2023-06-08,-0.006215101733522466,0.037276766081357104,-0.04349186781487957
2023-06-09,-0.01335315957293104,-0.029331732458445003,0.015978572885513964
2023-06-12,-0.011269165448433482,-0.013586798687229007,0.0023176332387955245
2023-06-13,0.009443875813530234,0.006875194608754409,0.0025686812047758245
2023-06-14,-0.015160065754708962,-0.029869320552959322,0.01470925479825036
2023-06-15,-0.012956944383344049,0.04493827160493824,-0.05789521598828229
2023-06-16,-0.04088317291627874,-0.02430699137523651,-0.016576181541042234
2023-06-19,-0.007308205162460002,-0.04756361524154773,0.04025541007908773
2023-06-20,-0.02738755531563708,-0.0252090699015326,-0.0021784854141044807
2023-06-21,-0.06275941258066708,-0.009967897917313229,-0.052791514663353856
2023-06-26,-0.05613067756805712,-0.027073911763676684,-0.029056765804380436
2023-06-27,0.025824461237306195,0.08614294214876028,-0.060318480911454087
2023-06-28,-0.024340820917968298,-0.015293483432343491,-0.009047337485624807
2023-06-29,-0.0003952190795741828,-0.029317773148889947,0.028922554069315765
2023-06-30,0.014373516644339057,0.0014280612247496993,0.012945455419589358
2023-07-03,0.01020735174806009,0.0186309144670036,-0.008423562718943511
2023-07-04,0.0058092462621992524,-0.018290152205671317,0.02409939846787057
2023-07-05,-0.020140618347426198,-0.007119948880852767,-0.013020669466573431
2023-07-06,-0.018487659224780684,0.0,-0.018487659224780684
2023-07-07,-0.02038291654150637,-0.014265152497247358,-0.006117764044259011
2023-07-10,-0.010064285927156247,0.005776161275080405,-0.01584044720223665
2023-07-11,0.010935319205692462,-0.0071761519183869416,0.018111471124079404
2023-07-12,-0.035653041909013194,-0.025805363467701015,-0.00984767844131218
2023-07-13,-0.039786679194912966,0.017620806401969613,-0.05740748559688258
2023-07-14,-0.011602019133886476,-0.00289645032556185,-0.008705568808324626
2023-07-17,-0.010133564714376875,-0.010133847038576005,2.8232419913010176e-07
2023-07-18,-0.0135433184460938,-0.0014582571884740325,-0.012085061257619767
2023-07-19,-0.018271966490352898,0.029410197666364768,-0.047682164156717666
2023-07-20,-0.02994365773891594,-0.00287562755550963,-0.02706803018340631
2023-07-21,-0.014864185520973017,0.014461128320972794,-0.02932531384194581
2023-07-24,-0.011559995754454544,-0.025585293521707908,0.014025297767253364
2023-07-25,0.00045630055800205405,0.16890569208149553,-0.16844939152349347
2023-07-26,0.005085264193190442,-0.006691182284067287,0.01177644647725773
2023-07-27,-0.011089491771804405,-0.018741217880677286,0.0076517261088728805
2023-07-28,-1.68289438140512e-06,0.0690408802205249,-0.06904256311490631
2023-07-31,0.014522958013546639,0.002628119760520242,0.011894838253026396
2023-08-01,-0.03602175750143888,-0.0208735286213384,-0.015148228880100478
2023-08-02,-0.011988996362816362,-0.003972190712583146,-0.008016805650233216
2023-08-03,-0.005133622975566965,0.03888342160353697,-0.04401704457910394
2023-08-04,-0.01469939733391612,-0.0142808942269943,-0.00041850310692181925
2023-08-07,-0.031029775312896635,-0.065809256618513,0.034779481305616367
2023-08-08,-0.018835654610846686,-0.020262899191558104,0.0014272445807114176
2023-08-09,-0.01692597837643972,0.016528645701027855,-0.033454624077467576
2023-08-10,0.014804971016561863,0.006814290341987439,0.007990680674574424
2023-08-11,-0.05073028480527919,-0.02023556449296182,-0.03049472031231737
2023-08-14,-0.016338238452010656,-0.02720960780634263,0.010871369354331972
2023-08-15,0.0003920611934644658,-0.015219425154321065,0.01561148634778553
2023-08-16,-0.03538840372218088,0.03529556948170964,-0.07068397320389053
2023-08-17,0.0028227150180337723,-0.0013750428074902343,0.004197757825524007
2023-08-18,-0.01174486772153871,-0.030052922282919226,0.018308054561380516
2023-08-21,-0.02170302356230225,-0.04558979294947019,0.02388676938716794
2023-08-22,-0.01938504113616868,0.005730647297078839,-0.02511568843324752
2023-08-23,-0.055948201554517074,-0.028327170681378355,-0.02762103087313872
2023-08-24,-0.025364703214876605,-0.015855604725632855,-0.00950909848924375
2023-08-25,-0.0478430825140983,-0.0389994685155306,-0.008843613998567701
2023-08-28,-0.04105790453756164,0.092833780647676,-0.13389168518523764
2023-08-29,-0.008330686933763709,0.02146629348665785,-0.02979698042042156
2023-08-30,0.01694545863795316,0.0,0.01694545863795316
2023-08-31,-0.015300135019084005,-0.07731799246181292,0.06201785744272892
2023-09-01,0.006964279355102354,0.06102082455431246,-0.054056545199210104
2023-09-04,0.015217944860332233,-0.001422980965287035,0.016640925825619268
2023-09-05,-0.0018139428943394487,-0.02266215371628466,0.020848210821945212
2023-09-06,-0.032966824190734156,0.04222327649926472,-0.07519010068999887
2023-09-07,-0.03553389670103568,-0.023850422010380012,-0.01168347469065567
2023-09-08,-0.01222600143518393,-0.012815816326530505,0.0005898148913465739
2023-09-11,0.01680944130076134,-0.029966183966869453,0.046775625267630794
2023-09-12,0.006673155642169526,-0.007285950237092997,0.013959105879262523
2023-09-13,-0.022397767799159807,-0.004390774061103775,-0.018006993738056032
2023-09-14,-0.020500281781398733,-0.016087489029909863,-0.00441279275148887
2023-09-15,0.014715135412629365,-0.01327908542675571,0.027994220839385076
2023-09-18,0.020310280646979706,-0.016326256382692916,0.03663653702967262
2023-09-19,-0.013220577813878531,-0.0015020651278729868,-0.011718512686005544
2023-09-20,-0.01608891045544003,-0.001503194075414549,-0.014585716380025482
2023-09-21,-0.0444728861919218,-0.004509577118864239,-0.03996330907305756
2023-09-22,0.03004445739569639,0.019703960015378774,0.010340497380317615
2023-09-25,-9.088174294569207e-05,-0.03699270631555984,0.03690182457261415
2023-09-26,-0.015546092721596239,-0.010626110566687386,-0.004919982154908853
2023-09-27,0.007770688419954652,-0.003058102185336975,0.010828790605291627
2023-09-28,0.00772541899114465,0.004602985863389808,0.0031224331277548423
2023-10-09,-0.024252501303430596,-0.02884098326927198,0.0045884819658413845
2023-10-10,-0.019542896650787678,-0.010831641610307696,-0.008711255040479982
2023-10-11,0.003049771780692545,-0.007785100795607569,0.010834872576300114
2023-10-12,-0.01289709416822038,0.010993242899341338,-0.023890337067561718
2023-10-13,-0.024582571512797635,-0.03856171329858982,0.013979141785792182
2023-10-16,-0.009100633609417375,-0.05945437488683525,0.050353741277417874
2023-10-17,0.004219067391653786,-0.03731920439537162,0.041538271787025405
2023-10-18,-0.05534333360103039,-0.04456718348053634,-0.010776150120494044
2023-10-19,-0.03336425221460615,-0.0422427567437087,0.008878504529102549
2023-10-20,-0.024980510667065192,0.035208586509263284,-0.06018909717632848
2023-10-23,-0.07324175718432158,-0.00684929491687003,-0.06639246226745155
2023-10-24,0.03836007056478885,0.006896531293603347,0.0314635392711855
2023-10-25,-0.005414498708246618,0.0068728320128039755,-0.012287330721050593
2023-10-26,-0.004620095155119852,-0.022098765432098766,0.017478670276978914
2023-10-27,0.04903876297245957,0.010398543606277899,0.03864021936618167
2023-10-30,0.025279239856402125,-0.005152417362811357,0.03043165721921348
2023-10-31,0.012034492522976503,-0.04600995838287747,0.05804445090585397
2023-11-01,0.0022816398763108037,0.0017660040710794078,0.0005156358052313958
2023-11-02,-0.01999157362543258,-0.02105204221606305,0.00106046859063047
2023-11-03,0.011497643519075007,0.008932514830595872,0.0025651286884791347
2023-11-06,0.009533941182562122,0.12808147833802708,-0.11854753715546495
2023-11-07,0.011045392203495652,-0.006672208228731269,0.01771760043222692
2023-11-08,0.013712372487054258,0.033809965789542096,-0.020097593302487837
2023-11-09,-0.025815726798340544,-0.027833262764133226,0.002017535965792683
2023-11-10,-0.027265521224602907,-0.011671429849777981,-0.015594091374824925
2023-11-13,0.019630320306261106,-0.028391033308552416,0.04802135361481352
2023-11-14,0.0018158722086552004,0.010265116658318751,-0.008449244449663551
2023-11-15,0.0059631363666792225,0.018762917205934704,-0.012799780839255481
2023-11-16,-0.016998956389699615,-0.015081476472373234,-0.0019174799173263812
2023-11-17,0.02662794256457035,-0.03027578282102883,0.05690372538559918
2023-11-20,0.011793776453499438,-0.008587336807273194,0.020381113260772632
2023-11-21,-0.009888445084668906,0.06141639817457767,-0.07130484325924658
2023-11-22,-0.02625139831143941,-0.013377775775865963,-0.012873622535573448
2023-11-23,0.018829987778137935,0.05652007053506214,-0.037690082756924204
2023-11-24,-0.022621712512220338,-0.008200047397556864,-0.014421665114663473
2023-11-27,-0.012766595737547903,-0.05210818111514093,0.039341585377593025
2023-11-28,0.021641959782448428,-0.008456621660442587,0.030098581442891015
2023-11-29,-0.01536272941380501,-0.04875255771842446,0.03338982830461945
2023-11-30,-0.01665200746419815,-0.0034873556706842557,-0.013164651793513893
2023-12-01,-0.05633329716367541,-0.006980781456305762,-0.04935251570736965
2023-12-04,-0.04068553795781349,-0.038224068944290646,-0.0024614690135228434
2023-12-05,-0.07662790933087948,-0.06855056787452696,-0.008077341456352527
2023-12-06,0.008512472458745979,0.01115233014470407,-0.0026398576859580913
2023-12-07,-0.003661412682479881,0.009237826243921221,-0.012899238926401102
2023-12-08,-0.03531481215177579,-0.021897146704823123,-0.013417665446952665
2023-12-11,0.007945332892763002,-0.027635695870521948,0.03558102876328495
2023-12-12,0.010508165356461152,0.07277367786195876,-0.06226551250549761
2023-12-13,-0.0026278567929994834,-0.06608227513423925,0.06345441834123977
2023-12-14,0.0018139331944111436,-0.026142659279778324,0.027956592474189468
2023-12-15,-0.01580173193112233,0.02684444444444445,-0.04264617637556678
2023-12-18,-0.0435524616690981,-0.018708660749618633,-0.024843800919479464
2023-12-19,-0.0017749465826898403,-0.030130090843951796,0.028355144261261955
2023-12-20,-0.016141211960204238,-0.022987737645761896,0.006846525685557658
2023-12-21,-0.0064573901406853595,0.03143227355805589,-0.03788966369874125
2023-12-22,-0.02771447534714966,-0.007662807018836593,-0.020051668328313066
2023-12-25,-0.023895200066013977,-0.015354858349946543,-0.008540341716067434
2023-12-26,-0.03722030965812695,-0.02508341973795858,-0.01213688992016837
2023-12-27,0.0172914653272076,0.0,0.0172914653272076
2023-12-28,0.028951694855872567,0.07001428034137436,-0.04106258548550179
2023-12-29,0.004933750023966121,-0.011374315083346298,0.01630806510731242
2024-01-02,0.014268232805175973,-0.05839508790658399,0.07266332071175996
2024-01-03,-0.04382476307665928,-0.003937004052512738,-0.03988775902414654
2024-01-04,-0.010049104156892197,-0.039096873906735,0.0290477697498428
2024-01-05,-0.03624090132267255,0.0121211014868432,-0.04836200280951575
2024-01-08,-0.05436882642020402,-0.03374445516587654,-0.020624371254327478
2024-01-09,0.016084229493484647,0.012257291117923286,0.0038269383755613617
2024-01-10,-0.026377427080095828,-0.028139290924290128,0.0017618638441943002
2024-01-11,0.03072769973523659,0.0041109925833477945,0.026616707151888797
2024-01-12,-0.006174190019508141,-0.012257289707068075,0.006083099687559934
2024-01-15,-0.009595869707109461,0.0020629184823046653,-0.011658788189414127
2024-01-16,-0.012829875401848656,-0.020491259926117222,0.007661384524268566
2024-01-17,-0.09821214867617578,-0.055402096974513815,-0.042810051701661966
2024-01-18,-0.05935579457274709,0.012889233294664182,-0.07224502786741127
2024-01-19,-0.014012571584544053,0.002128791308284139,-0.016141362892828193
2024-01-22,-0.14384651038211194,-0.07505073513717397,-0.06879577524493796
2024-01-23,-0.043008878969135966,0.028935624675681115,-0.07194450364481708
2024-01-24,-0.02637952202181415,0.05073665873999089,-0.07711618076180504
2024-01-25,0.046374340951571114,0.12031314054169462,-0.0739387995901235
2024-01-26,0.00012351147376432614,0.04877340688053411,-0.04864989540676978
2024-01-29,-0.0773327171456818,-0.027262591311034257,-0.05007012583464754
2024-01-30,-0.0912585190001548,-0.0529576022987327,-0.038300916701422105
2024-01-31,-0.11662135972035448,-0.03843846413081231,-0.07818289558954217
2024-02-01,-0.08467141756508956,-0.03305555555555573,-0.05161586200953383
2024-02-02,-0.1289876424052473,0.010621274418270765,-0.13960891682351806
2024-02-05,-0.19763720362474924,-0.06426486313028734,-0.1333723404944619
2024-02-06,-0.22478045512324385,0.07318766286471012,-0.297968117987954
2024-02-07,-0.03435020480721662,0.002104155125878693,-0.036454359933095315
2024-02-08,-0.23791826068750055,0.11666284160723128,-0.35458110229473183
2024-02-19,0.0362696056336429,-0.04325933069574617,0.07952893632938907
2024-02-20,0.04758955903872275,0.012232302201070633,0.03535725683765212
2024-02-21,0.03265147821320591,0.06360677481889643,-0.03095529660569052
2024-02-22,0.028565323257268238,-0.011718648825209232,0.04028397208247747
2024-02-23,-0.12176798686545676,0.009876483292484473,-0.13164447015794123
2024-02-26,0.018252728716686484,-0.042672049211841534,0.06092477792852802
2024-02-27,0.0676956611623929,0.01609632089830959,0.051599340264083304
2024-02-28,-0.1370499186307168,-0.02567794031042392,-0.11137197832029289
2024-02-29,0.029216613237880162,0.022277797553670986,0.006938815684209176
2024-03-01,0.06711092604778335,-0.029657267344962435,0.09676819339274578
2024-03-04,-0.0014353236835771277,-0.09085992428339662,0.08942460059981949
2024-03-05,-0.03117089892056557,0.01063256748109942,-0.04180346640166499
2024-03-06,-0.009567384115046096,-0.031395209101105714,0.02182782498605962
2024-03-07,-0.04116240780685099,-0.02555804840727427,-0.015604359399576717
2024-03-08,-7.461363890903794e-05,-0.006504047788305711,0.006429434149396673
2024-03-11,0.03345188531825238,0.06193249509922594,-0.028480609780973554
2024-03-12,0.03502609871714579,0.11742331123814975,-0.08239721252100396
2024-03-13,0.014666410704171406,-0.061038999999999954,0.07570541070417136
2024-03-14,-0.06550490719480484,0.004132227004103539,-0.06963713419890838
2024-03-15,0.018933594934573694,-0.04882265408483488,0.06775624901940858
2024-03-18,0.07396163248186505,-0.006325761672775876,0.08028739415464092
2024-03-19,0.0011306254244951575,-0.0231693030020107,0.024299928426505857
2024-03-20,-0.0434060053949451,0.0064412071835484586,-0.04984721257849356
2024-03-21,0.002682529779836962,0.008565271385784445,-0.0058827416059474835
2024-03-22,-0.0485102882073285,-0.029565414214576813,-0.018944873992751687
2024-03-25,-0.0654444379841389,0.01735325536808041,-0.08279769335221931
2024-03-26,-0.0022691042671401096,0.025861001701140474,-0.028130105968280583
2024-03-27,-0.07190120166749148,-0.052155733052040465,-0.01974546861545101
2024-03-28,0.03454363862340659,0.006525268172606458,0.028018370450800134
2024-03-29,0.052973020568459095,-0.05127340192275265,0.10424642249121174
2024-04-01,0.04090801406314637,-0.00443950617283928,0.04534752023598565
2024-04-02,-0.016677228152317092,-0.10404710294095776,0.08736987478864067
2024-04-03,-3.894311312102605e-05,-0.07161107266435973,0.0715721295512387
2024-04-08,-0.06359621322461717,-0.04585985172065754,-0.01773636150395963
2024-04-09,0.014674910980797318,-0.002498437499999895,0.017173348480797213
2024-04-10,-0.04056919597838726,-0.09999514411788213,0.059425948139494866
2024-04-11,0.009877232052871943,-0.03659818575476359,0.04647541780763553
2024-04-12,0.0017193728358388949,-0.08930945774077947,0.09102883057661837
2024-04-15,-0.04956088142163906,0.011299345367982605,-0.06086022678962166
2024-04-16,-0.13642256901620697,-0.019511726259131,-0.11691084275707597
2024-04-17,0.060236376710352424,0.008504568379650523,0.0517318083307019
2024-04-18,0.01036215895192516,-0.06101170402697864,0.0713738629789038
2024-04-19,-0.016326272631809635,-0.05164108977825843,0.035314817146448796
2024-04-22,-0.01894914913030643,-0.002982846959233454,-0.015966302171072977
2024-04-23,0.04202728587664262,-0.03555269561020735,0.07757998148684997
2024-04-24,0.0734147642249221,-0.009111569817143228,0.08252633404206533
2024-04-25,0.03986250268785785,0.003060441975516248,0.0368020607123416
2024-04-26,0.020534980205462627,0.10009673095973448,-0.07956175075427185
2024-04-29,-0.0021052097566088834,0.21096088938044644,-0.21306609913705532
2024-04-30,0.00904813211054556,-0.03928886369362539,0.048336995804170946
2024-05-06,0.036628228873380575,0.013540807276157585,0.02308742159722299
2024-05-07,0.02771604429159158,0.016150479051815214,0.011565565239776365
2024-05-08,-0.020363703717192316,-0.08329560887279319,0.06293190515560088
2024-05-09,-0.05170512897651769,0.027970679012345512,-0.0796758079888632
2024-05-10,-0.021047615423627097,0.0725014073935073,-0.0935490228171344
2024-05-13,-0.07551679705510572,-0.03669410150891628,-0.038822695546189445
2024-05-14,0.011512688774574675,0.010810732267275025,0.0007019565072996503
2024-05-15,-0.019867585768683638,0.07369599436494201,-0.09356358013362565
2024-05-16,0.016622374395272255,0.11981845232616295,-0.1031960779308907
2024-05-17,0.03475372737882498,0.21053795709016576,-0.17578422971134078
2024-05-20,0.04611850988406219,0.04039999999999999,0.005718509884062195
2024-05-21,-0.03487953487814577,0.002179835865597779,-0.03705937074374355
2024-05-22,-0.021766510863766686,0.04622401460640546,-0.06799052547017215
2024-05-23,-0.06001068529710629,0.034332277048438,-0.09434296234554429
2024-05-24,-0.04688563300706716,-0.1156919084049649,0.06880627539789774
2024-05-27,0.006034114081213016,-0.026518155755808515,0.03255226983702153
2024-05-28,-0.01698518028728313,-0.07736069926496836,0.06037551897768523
2024-05-29,0.002322244853568023,0.014134100376909764,-0.011811855523341741
2024-05-30,-0.0058554020579935084,-0.07095565661999281,0.0651002545619993
2024-05-31,0.03415486561664016,-0.004830910810917133,0.038985776427557295
2024-06-03,-0.030106351058575953,-0.03841175390266316,0.008305402844087206
2024-06-04,-0.030871507374502505,0.06786293261378074,-0.09873443998828324
2024-06-05,-0.05159298485147534,-0.058914344909686056,0.007321360058210713
2024-06-06,-0.13779879183721422,-0.022071668686266754,-0.11572712315094746
2024-06-07,0.023955015090828757,0.037756295047916666,-0.013801279957087909
2024-06-11,0.05377416548556768,-0.038784159738961876,0.09255832522452956
2024-06-12,0.049476675378196555,-0.02973810826354706,0.07921478364174361
2024-06-13,0.004539183426422788,-0.04510691205597861,0.0496460954824014
2024-06-14,0.005022808680058777,0.0605526873146367,-0.05552987863457792
2024-06-17,-0.017133906774872587,-0.07171386151806058,0.054579954743188
2024-06-18,0.033462036883883606,-0.031126489811610925,0.06458852669549453
2024-06-19,0.020710864126733952,-0.015872763924382305,0.03658362805111626
2024-06-20,-0.05081849800371996,-0.06840033046061977,0.017581832456899815
2024-06-21,-0.010847044836148179,-0.005540155547561376,-0.005306889288586802
2024-06-24,-0.06928270579999529,-0.05485907060687356,-0.014423635193121731
2024-06-25,-0.028164838725257324,0.03462948295234769,-0.06279432167760501
2024-06-26,0.03220893894452925,0.022630118234455043,0.00957882071007421
2024-06-27,-0.02439364892831819,-0.05215287033257854,0.027759221404260348
2024-06-28,-0.002305779848433942,-0.019899999999999918,0.017594220151565976
2024-07-01,0.006007288117397147,0.10659470399730142,-0.10058741587990427
2024-07-02,0.04065617626147877,-0.043414038435122704,0.08407021469660148
2024-07-03,-0.05522203791035252,0.008432850940950587,-0.0636548888513031
2024-07-04,-0.07460723563190974,-0.0605084110982802,-0.01409882453362954
2024-07-05,0.014524663085001555,-0.01721632103912507,0.031740984124126626
2024-07-08,-0.04818044778385677,-0.060114842482422826,0.011934394698566053
2024-07-09,0.026424867227716087,0.012029967025482646,0.01439490020223344
2024-07-10,-0.003156532855476901,-0.017803798410184646,0.014647265554707745
2024-07-11,0.06931673607501643,0.048699191587992186,0.020617544487024242
2024-07-12,-0.0180673045599673,0.04153863735846719,-0.05960594191843449
2024-07-15,-0.06381803149932197,-0.03423425288546145,-0.029583778613860523
2024-07-16,-0.0016978049952308671,0.02652795671494923,-0.028225761710180097
2024-07-17,-0.05617592554542772,0.05863877844231369,-0.1148147039877414
2024-07-18,-0.06170775363940828,0.005625867945966201,-0.06733362158537448
2024-07-19,0.023949924182856908,-0.022283423173190764,0.04623334735604767
2024-07-22,0.029082028745538446,-0.022534487878082432,0.05161651662362088
2024-07-23,-0.06821208448242044,-0.03690240638418407,-0.03130967809823637
2024-07-24,-0.05948860702856151,-0.05754169108636564,-0.0019469159421958704
2024-07-25,0.0019940124751811616,0.015094126293176524,-0.013100113817995362
2024-07-26,0.026771591820727858,0.04222766763198904,-0.015456075811261183
2024-07-29,0.015993914626760253,-0.04337873191751296,0.05937264654427321
2024-07-30,0.023306421116181752,0.01801765569386049,0.005288765422321262
2024-07-31,0.09070460758738275,0.1032779149519889,-0.012573307364606157
2024-08-01,0.013841170695589877,-0.052878465667092756,0.06671963636268263
2024-08-02,-0.061971775029732945,-0.025916824196597688,-0.03605495083313526
2024-08-05,-0.10517610331528782,-0.008791166139455187,-0.09638493717583263
2024-08-06,0.03718209018709784,0.029716065819127557,0.007466024367970281
2024-08-07,0.017440512904781658,-0.025991667793401896,0.04343218069818355
2024-08-08,-0.0240646118335327,0.03865816706106395,-0.06272277889459665
2024-08-09,0.009488702105923785,0.07655618296635369,-0.0670674808604299
2024-08-12,-0.029311371559277877,-0.08181966310006894,0.05250829154079106
2024-08-13,-0.15413330844294704,-0.014482068009734839,-0.1396512404332122
2024-08-14,-0.014791096263629733,-0.014587696601634947,-0.00020339966199478532
2024-08-15,0.03101079902471504,0.038715726455565536,-0.0077049274308504945
2024-08-16,0.014128526732900548,-0.03158450283885672,0.04571302957175727
2024-08-19,-0.14669638460077783,0.0,-0.14669638460077783
2024-08-20,-0.06443696673594235,-0.037869809688581335,-0.026567157047361012
2024-08-21,0.016822144213975765,-0.03565833275266406,0.05248047696663982
2024-08-22,-0.08023893313940067,-0.024278305460054606,-0.055960627679346064
2024-08-23,0.04237815015410895,-0.018461141542584936,0.06083929169669389
2024-08-26,0.03145439380361181,0.03779196409666041,-0.0063375702930486
2024-08-27,-0.07517223197829381,-0.06624625652835658,-0.008925975449937229
2024-08-28,-0.03848996200279997,-0.02832271367612582,-0.01016724832667415
2024-08-29,0.027003988010117608,0.0064412071835484586,0.02056278082656915
2024-08-30,0.06641565653279646,0.17361111111111094,-0.10719545457831448
2024-09-02,-0.07908459226852083,-0.09806204264556584,0.018977450377045013
2024-09-03,0.010187586566332119,0.03139526984404273,-0.02120768327771061
2024-09-04,-0.024791383173354054,-0.018320222816063714,-0.00647116035729034
2024-09-05,0.02999906025159249,0.04065264691504766,-0.010653586663455172
2024-09-06,-0.06493057209033881,-0.03608723384168311,-0.028843338248655703
2024-09-09,-0.030102147670958423,-0.030673014674791887,0.000570867003833464
2024-09-10,0.03438685657550744,-0.02185726361550555,0.05624412019101299
2024-09-11,-0.019903002785664703,0.003177122700932289,-0.023080125486596992
2024-09-12,0.006653939619280402,0.0,0.006653939619280402
2024-09-13,-0.04058263506471471,0.003172083654602309,-0.04375471871931702
2024-09-18,-0.04040176163064557,0.054521010254766855,-0.09492277188541243
2024-09-19,0.05492652272559617,0.08814793887004035,-0.03322141614444418
2024-09-20,-0.005127770487506789,0.03576470177536217,-0.04089247226286896
2024-09-23,-0.016237603036518777,0.011644734486150776,-0.027882337522669554
2024-09-24,0.08817660746683709,0.05558574822644102,0.032590859240396064
2024-09-25,0.07322504818919295,0.05408289673021072,0.019142151458982237
2024-09-26,0.06322278721256347,0.2096990611216012,-0.14647627390903772
2024-09-27,0.17677278572236887,0.20890572015544184,-0.03213293443307297
2024-09-30,-0.5185665351664918,0.20900472963289052,-0.7275712647993823
2024-10-08,-0.9299879368852889,0.14041304679164757,-1.0704009836769366
2024-10-09,-0.11978846166474955,-0.19034678368434954,0.0705583220196
2024-10-10,-0.011274363693613676,-0.04655438834604242,0.03528002465242874
2024-10-11,-0.0526096180604515,-0.004381155740227571,-0.04822846232022393
2024-10-14,0.008760693705012423,0.0534428209153488,-0.044682127210336375
2024-10-15,-0.004364268387463288,-0.029753907808280244,0.025389639420816956
2024-10-16,0.006620339376416595,0.18147448015122913,-0.17485414077481254
2024-10-17,-0.008439452121132951,-0.15175899999999976,0.1433195478788668
2024-10-18,0.010614291882420801,0.035046643583603654,-0.024432351701182853
2024-10-21,-0.00463196771935348,-0.03805145739769866,0.03341948967834518
2024-10-22,-0.004066594229289122,0.010910993995697282,-0.014977588224986405
2024-10-23,0.004997726310349115,0.01957539214032722,-0.014577665829978104
2024-10-24,-0.002723522366403941,-0.044509465369465095,0.041785943003061154
2024-10-25,0.007024606072389528,0.004390774084333859,0.002633831988055668
2024-10-28,-0.004261372263876462,0.05545274336961148,-0.05971411563348794
2024-10-29,-0.019794646750189604,-0.05461137933654758,0.03481673258635798
2024-10-30,-0.019797466711668044,0.019812397054113084,-0.03960986376578113
2024-10-31,-0.002044764079773609,0.013057533137901256,-0.015102297217674865
2024-11-01,-0.01720529611303434,-0.03630234653686093,0.01909705042382659
2024-11-04,0.00500116198703493,-0.008762279783256055,0.013763441770290985
2024-11-05,0.0008335327064776799,0.06042309660620715,-0.05958956389972947
2024-11-06,-0.018352312972009788,0.034554700145353445,-0.05290701311736323
2024-11-07,0.011497915534098846,0.08379058171745157,-0.07229266618335273
2024-11-08,0.0012791442402610986,-0.0753689983141147,0.0766481425543758
2024-11-11,-0.032151457063588684,-0.04367642229497737,0.011524965231388684
2024-11-12,-0.007442146406812733,-0.023516013411955305,0.016073867005142572
2024-11-13,-0.0011549399507463365,-0.02594483998195518,0.024789900031208845
2024-11-14,-0.008366980112106126,-0.02628581570025612,0.017918835588149995
2024-11-15,-0.007789352377885583,-0.052912206235760206,0.04512285385787462
2024-11-18,-0.017697378819338083,0.030073513031855237,-0.04777089185119332
2024-11-19,0.011526838337517331,-0.02025833828136192,0.03178517661887925
2024-11-20,0.010653572428097391,0.0022870204081630874,0.008366552019934304
2024-11-21,0.003129301137672069,-0.018181439085924067,0.021310740223596136
2024-11-22,-0.018754982151174437,-0.059010596954702565,0.04025561480352813
2024-11-25,0.0025756493078001874,-0.00947861950677309,0.012054268814573277
2024-11-26,-0.0019535437336267725,-0.0047675736638550514,0.002814029930228279
2024-11-27,0.008632879802927373,0.021646997550422542,-0.013014117747495169
2024-11-28,0.005545558730262412,0.0071131963166557455,-0.0015676375863933334
2024-11-29,-0.0008765336691296532,0.0285021359914559,-0.029378669660585555
2024-12-02,-0.02571614284967838,0.018691184424013185,-0.044407327273691566
2024-12-03,-0.03920883145837939,0.01387266665250908,-0.05308149811088847
2024-12-04,-0.010673449163569604,-0.04300567107750464,0.03233222191393503
2024-12-05,-0.005894550054892367,-0.007005232379193926,0.0011106823243015596
2024-12-06,0.0004094005488874952,0.03791134915911765,-0.03750194861023015
2024-12-09,0.0009106197966564089,-0.059010596954702565,0.059921216751358974
2024-12-10,-0.0008963801951160644,0.038365840860749234,-0.0392622210558653
2024-12-11,0.003173267604509311,0.01638357757238862,-0.013210309967879308
2024-12-12,0.0062651590968694215,0.009269938855290594,-0.003004779758421172
2024-12-13,-0.004990857035126139,-0.06340369801936263,0.05841284098423649
2024-12-16,-0.00352325127415154,-0.04234809078711277,0.03882483951296123
2024-12-17,-0.015884785295163795,-0.021751615536910407,0.005866830241746612
2024-12-18,-0.00257927624190879,0.0,-0.00257927624190879
2024-12-19,0.0017222388796240828,-0.055712681634057626,0.05743492051368171
2024-12-20,0.0029617638737682306,-0.022626546115352753,0.025588309989120983
2024-12-23,-0.016300507612298287,-0.04050208986074144,0.024201582248443154
2024-12-24,-0.0008175470774339777,0.018360272413064482,-0.01917781949049846
2024-12-25,-0.007810613882717976,-0.04855496553305372,0.04074435165033574
2024-12-26,0.001105769948871238,-0.007941728992675645,0.009047498941546883
2024-12-27,0.005495549855099702,0.010680832126183981,-0.005185282271084279
2024-12-30,-0.0035621185439701497,-0.04969782027104053,0.04613570172707038
2024-12-31,-0.006224593578005311,-0.026989307655954975,0.020764714077949664
2025-01-02,-0.008326487960588658,-0.040895430639983466,0.03256894267939481
2025-01-03,-0.012168364003186882,-0.030702977720015623,0.01853461371682874
2025-01-06,-0.0015519754809953934,-0.0057061224489795,0.004154146967984107
2025-01-07,0.003911230380137187,0.020157880477171597,-0.01624665009703441
2025-01-08,-0.0017816507860374253,-0.025368945224083284,0.023587294438045858
2025-01-09,-0.002372180363341636,-0.002871498876998002,0.000499318513656366
2025-01-10,-0.009061384908464976,-0.0734206304021533,0.06435924549368832
2025-01-13,-0.002865182253760201,0.021036238635627313,-0.023901420889387515
2025-01-14,0.0019506017984085577,0.044871065438885305,-0.04292046364047675
2025-01-15,0.0018335006366916318,-0.014419421924642073,0.016252922561333705
2025-01-16,0.00316743454975299,0.005839403649839703,-0.002671969100086713
2025-01-17,-0.02290356082266609,-0.07135402582477024,0.04845046500210415
2025-01-20,0.0027002744809290213,0.06746608609797322,-0.0647658116170442
2025-01-21,-0.002206747019827038,0.15444829239703783,-0.15665503941686487
2025-01-22,-0.0053947044854177895,-0.09025726606805318,0.08486256158263539
2025-01-23,-0.0010152289375776613,0.09921185704661517,-0.10022708598419283
2025-01-24,0.0015202239537079887,0.008168788397920235,-0.006648564444212246
2025-01-27,-0.004456031026900953,-0.03221264152083503,0.027756610493934075
2025-02-05,0.001870801573448766,-0.08082810971583398,0.08269891128928275
2025-02-06,0.0017330398599222363,0.014398662848979837,-0.012665622989057601
2025-02-07,0.003744903520428444,0.11720684085356448,-0.11346193733313603
2025-02-10,0.004257795290792732,0.0,0.004257795290792732
2025-02-11,-0.001527885195399814,-0.04792903277366489,0.04640114757826508
2025-02-12,-0.000113737936714986,0.20878483562772776,-0.20889857356444275
2025-02-13,-0.0017660873092703033,0.0025141410570441725,-0.004280228366314476
2025-02-14,-0.0047440061689529855,-0.03974754765754285,0.03500354148858986
2025-02-17,-0.03760026089864099,-0.033013586114521876,-0.004586674784119116
2025-02-18,-0.0035194020641592383,-0.04123263888888917,0.037713236824729934
2025-02-19,-0.00011568919661464339,0.03487331654594872,-0.03498900574256336
2025-02-20,0.00011517778311787019,-0.033698150284078965,0.033813328067196835
2025-02-21,-0.0007717933579852732,0.026772578089633514,-0.027544371447618787
2025-02-24,0.0013664317356729683,0.053182328586879546,-0.05181589685120658
2025-02-25,-3.879765753023179e-05,-0.03548511587443848,0.035446318216908246
2025-02-26,0.0005453803569543947,0.0421006944444442,-0.0415553140874898
2025-02-27,-0.0003130255788432734,-0.007638418887963572,0.007325393309120298
2025-02-28,-0.002786269298582389,-0.015305896606504166,0.012519627307921777
2025-03-03,0.00039778422508174316,0.010349219562955314,-0.009951435337873571
2025-03-04,0.0002749770055407996,-0.038140138850209504,0.038415115855750304
2025-03-05,-0.0007485763402240719,-0.02858851182807476,0.027839935487850687
2025-03-06,-0.019438025743160225,0.0647608768114789,-0.08419890255463913
2025-03-07,-0.0010498980988525863,-0.06082199132392163,0.059772093225069045
2025-03-10,0.0001953440033914955,-0.01323612147249853,0.013431465475890025
2025-03-11,-0.0003609580996272177,-0.013324301524207383,0.012963343424580165
2025-03-12,0.0001837104602058215,0.002693601473782614,-0.0025098910135767927
2025-03-13,-0.001495038230136303,-0.024047216441207442,0.02255217821107114
2025-03-14,0.001040423105394428,0.05236892035725882,-0.05132849725186439
2025-03-17,0.0019797401783068214,0.005312075649585912,-0.003332335471279091
2025-03-18,2.3980812303481258e-05,-0.007920760896951373,0.007944741709254854
2025-03-19,-0.0012362155052393353,-0.015872763924382305,0.01463654841914297
2025-03-20,-0.0002840189902818535,-0.010680831312756434,0.01039681232247458
2025-03-21,-0.0011849986634751009,-0.01875377004577472,0.01756877138229962
2025-03-24,-0.0028447775044755375,-0.04831492202268439,0.045470144518208855
2025-03-25,-4.251437981128703e-05,0.0027874550942343923,-0.0028299694740456793
2025-03-26,0.00167348058717387,0.002783575550186601,-0.001110094963012731
2025-03-27,-0.00024002566835756856,-0.008315972222222245,0.008075946553864677
2025-03-28,-0.0027347387163292325,-0.01389837168272412,0.011163632966394887
2025-03-31,-0.0017228326398465166,-0.019566263729327127,0.01784343108948061
2025-04-01,0.0015361887646583305,0.017093707559981963,-0.015557518795323633
2025-04-02,-0.0001695642761336824,-0.019593646950374133,0.01942408267424045
2025-04-03,-1.1561482609390161e-05,0.028610860020661155,-0.028622421503270545
2025-04-07,-0.0078706384508902,-0.14554056916884406,0.13766993071795386
2025-04-08,-0.06430793981303218,0.06152433425160697,-0.12583227406463915
2025-04-09,-0.0029241187578683547,0.07793252595155686,-0.08085664470942522
2025-04-10,0.0833567699283686,0.040053286680737266,0.043303483247631336
2025-04-11,0.024178538359961532,-0.033055555555555616,0.05723409391551715
2025-04-14,-0.037409968659843584,-0.008456621660442365,-0.02895334699940122
2025-04-15,-0.018687991033734752,-0.016948845631507115,-0.0017391454022276376
2025-04-16,-0.02259924361801169,0.014357318138931152,-0.03695656175694284
2025-04-17,-0.15660506562080834,0.04597107438016512,-0.20257614000097346
2025-04-18,0.02856920422632947,0.03078896604938275,-0.002219761823053279
2025-04-21,0.04209934776202817,-0.035251449862545914,0.07735079762457409
2025-04-22,0.060251890217879245,0.0,0.060251890217879245
2025-04-23,-0.035377086932993795,-0.03040595588178241,-0.004971131051211386
2025-04-24,-0.0500379967865332,0.002830854918185244,-0.052868851704718445
2025-04-25,-0.02527921630781127,-0.008456621660442476,-0.016822594647368794
2025-04-28,-0.004000441516103459,-0.061437553442985626,0.05743711192688217
2025-04-29,-0.0020932142981242574,-0.0058479406802735,0.0037547263821492427
2025-04-30,-0.004967468668713115,0.0,-0.004967468668713115
2025-05-06,0.02575214880009291,0.005882340257158392,0.01986980854293452
2025-05-07,-0.004235013845361957,0.02060284379695987,-0.024837857642321826
2025-05-08,-7.655172720022474e-05,-0.005788699852972257,0.005712148125772032
2025-05-09,-0.017835080819915028,-0.028858504597079393,0.011023423777164365
2025-05-12,-0.00872011510353965,0.020755562516859172,-0.02947567762039882
2025-05-13,0.019680584830443104,0.002921839202941312,0.016758745627501792
2025-05-14,-0.00807219032425055,0.008765480369573808,-0.016837670693824358
2025-05-15,-0.020967288106077953,-0.028816926152413824,0.007849638046335872
2025-05-16,-0.01177481793982249,-0.005882340182326584,-0.005892477757495906
2025-05-19,0.01641464719606356,0.008882265795967736,0.007532381400095822
2025-05-20,0.0069893519868222675,-0.005873702422145355,0.012863054408967622
2025-05-21,-0.008180165988842969,-0.005891003384934201,-0.0022891626039087676
2025-05-22,-0.026279957421405098,-0.026449966737859265,0.00017000931645416717
2025-05-23,-0.012264269910597148,-0.011958038971518925,-0.0003062309390782225
2025-05-26,0.010124841757140235,0.0,0.010124841757140235
2025-05-27,0.011450009476153156,0.012102764298665525,-0.0006527548225123692
2025-05-28,0.01120557787888865,0.00300074850131149,0.00820482937757716
2025-05-29,-0.11899870206366703,0.005996988059808528,-0.12499569012347556
2025-05-30,0.004221768435167306,-0.01783025172644248,0.022052020161609787
2025-06-03,0.00898457588944268,-0.017990637247786156,0.026975213137228837
2025-06-04,-0.0049588369198476645,0.012195009284836411,-0.017153846204684076
2025-06-05,-0.012936920406806496,0.006051423407964274,-0.01898834381477077
2025-06-06,-0.01578879621668461,-0.012011903033821936,-0.003776893182862673
2025-06-09,-0.0006596427310476827,0.006069788797061548,-0.006729431528109231
2025-06-10,-0.0066500096912454065,-0.006033168737050731,-0.0006168409541946751
2025-06-11,-0.007228077927523446,-0.009070247933884223,0.001842170006360777
2025-06-12,0.004109727355968262,-0.018181439085924178,0.02229116644189244
2025-06-13,-0.03019680919594503,-0.021389756041160668,-0.008807053154784361
2025-06-16,-0.0022689693459017057,0.040780158944484945,-0.04304912829038665
2025-06-17,-0.01419619544102202,-0.01213949296766581,-0.002056702473356209
2025-06-18,-0.01366926937871582,-0.02737512575954104,0.013705856380825221
2025-06-19,-0.0071434738345100834,-0.03691987191852142,0.029776398084011335
2025-06-20,0.010352764478036569,-0.009471138439352655,0.019823902917389224
2025-06-23,0.007012054524880185,0.0,0.007012054524880185
2025-06-24,0.021815115196963664,0.019168893011593857,0.0026462221853698065
2025-06-25,0.017225775626557027,0.025355570711141473,-0.008129795084584446
2025-06-26,-0.015950559641707218,-0.012402980778766115,-0.003547578862941103
2025-06-27,0.007919208700963631,0.0,0.007919208700963631
2025-06-30,0.07024371951627417,0.009411712843571785,0.06083200667270239
2025-07-01,0.020037763357560356,-0.02168796886676183,0.04172573222432219
2025-07-02,-0.03323824787864549,0.04780209560419113,-0.08104034348283662
2025-07-03,0.012603860464957428,-0.012269822485206694,0.024873682950164122
2025-07-04,-0.0055094440706237036,-0.006182365401758205,0.0006729213311345017
2025-07-07,-0.021115848615540833,0.02499903553103655,-0.046114884146577384
2025-07-08,0.027933250653660924,0.01230757649892733,0.015625674154733593
2025-07-09,0.041024226822845344,-0.0060882659131467065,0.04711249273599205
2025-07-10,0.003915490091721541,0.06840987945272081,-0.06449438936099927
2025-07-11,-0.2944636049918806,0.0,-0.2944636049918806
2025-07-14,-0.004253635578762127,-0.029366968943664307,0.02511333336490218
2025-07-15,-0.001191736402424648,-0.017936855774693727,0.01674511937226908
2025-07-16,0.0003199729816529828,-0.012084481175390294,0.012404454157043276
2025-07-17,5.905910446357687e-05,0.0,5.905910446357687e-05
2025-07-18,-0.0014842838806765624,0.003051104253420922,-0.004535388134097484
2025-07-21,0.0008492535358504139,0.009153270365505062,-0.008304016829654648
2025-07-22,-0.00043843668790155554,0.03053259871441716,-0.030971035402318714
2025-07-23,-0.0012350709965859297,0.005979059924259067,-0.007214130920844997
2025-07-24,0.0007521538487216262,0.02696508290816335,-0.026212929059441725
2025-07-25,-0.00014088527210587287,-0.008791166139455187,0.008650280867349314
2025-07-28,0.0005255874822447382,0.0029520279148282924,-0.0024264404325835542
2025-07-29,-0.00038579975320596205,0.0058996922182623646,-0.006285491971468327
2025-07-30,-0.002024395126558609,-0.03204452293314852,0.030020127806589914
2025-07-31,-0.0027098525003537155,-0.07610603697928287,0.07339618447892915
2025-08-01,0.0002790214090508947,-0.015467671000347183,0.015746692409398078
2025-08-04,0.001367833820070663,0.0062695771219214436,-0.0049017433018507806
2025-08-05,0.0011049419188142728,0.0125194399351638,-0.011414498016349528
2025-08-06,0.0005987036845389593,-0.0030983714920976846,0.003697075176636644
2025-08-07,0.0003250607896296831,0.009338470738011528,-0.009013409948381845
2025-08-08,0.0013141379390408936,-0.006172824760098283,0.007486962699139177
2025-08-11,0.00103682398546745,0.009323958896701123,-0.008287134911233673
2025-08-12,-0.00036540887666547395,-0.003084038256363608,0.0027186293796981342
2025-08-13,-0.0006305682211151797,-0.003088801244120254,0.002458233023005074
2025-08-14,-0.0007065135172598103,-0.009266359305658223,0.008559845788398412
2025-08-15,0.0004944767836012609,0.03134606686677199,-0.030851590083170732
2025-08-18,0.002219917507296554,-0.009167254912537004,0.011387172419833558
2025-08-19,-0.00018585253535818858,0.009252071005917406,-0.009437923541275595
2025-08-20,0.0020712948710346346,0.006134954937630166,-0.004063660066595531
2025-08-21,0.0009526626175961894,0.003055765981003322,-0.0021031033634071328
2025-08-22,-0.00046170685109658827,0.0,-0.00046170685109658827
2025-08-25,0.002513856497418532,0.19129238548483074,-0.1887785289874122
2025-08-26,0.0036795513570686555,-0.0469223026746981,0.05060185403176676
2025-08-27,-0.0032043413602612647,-0.07025159588293917,0.0670472545226779
2025-08-28,0.00029688103469571736,0.008921888895737196,-0.008625007861041478
2025-08-29,-0.00026159515551205104,0.005917146853024802,-0.006178742008536853
2025-09-01,0.0005559536566006607,0.0058996922182623646,-0.005343738561661704
2025-09-02,0.0017643523356349888,-0.026257059131751026,0.028021411467386015
2025-09-03,-0.0008984810273994226,-0.04123263888888884,0.04033415786148942
2025-09-04,-0.0025668488141749046,-0.015139826867822781,0.012572978053647876
2025-09-05,0.0030064786263379606,0.018461148803144534,-0.015454670176806573
2025-09-08,0.0031989396657448044,0.05225879096713837,-0.049059851301393564
2025-09-09,0.001535360455237278,0.02980462868947198,-0.0282692682342347
2025-09-10,0.005605170302627194,0.0,0.005605170302627194
2025-09-11,0.0047300970325183656,-0.008727231000688396,0.013457328033206761
2025-09-12,-0.0018925291445062165,0.03247021901909797,-0.034362748163604184
2025-09-15,-0.0006522114881163388,0.008664219452034327,-0.009316430940150666
2025-09-16,-0.0041173562505869565,0.020186945898490904,-0.02430430214907786
2025-09-17,-0.002229390533562303,0.0028429267820249127,-0.005072317315587216
2025-09-18,-0.004095996874731056,-0.07785523867008703,0.07375924179535598
2025-09-19,-0.0015871682205857995,0.06300059564199523,-0.06458776386258103
2025-09-22,0.0032384070334006143,0.005738869139005454,-0.0025004621056048393
2025-09-23,-0.0024321512486710217,-0.06739591836734715,0.06496376711867613
2025-09-24,-0.005788508426830208,0.023808690171912783,-0.02959719859874299
2025-09-25,-0.00044699721274621407,-0.011661707875927685,0.01121471066318147
2025-09-26,-0.0025498794383400636,0.0,-0.0025498794383400636
2025-09-29,0.0019382047515412726,0.002943339100346165,-0.0010051343488048925
2025-09-30,0.001326118685914368,0.023632862616735695,-0.022306743930821327
2025-10-09,-0.0015837175647449575,-0.028816926152413824,0.027233208587668867
2025-10-10,-0.0015165902359414174,-0.011747328328716833,0.010230738092775415
2025-10-13,-0.004162086535883347,-0.052622222222222126,0.04846013568633878
2025-10-14,0.00012247610250892826,-0.01213949296766581,0.012261969070174739
2025-10-15,0.0018037836800479656,-0.012213625885007517,0.014017409565055483
2025-10-16,0.00029850383449891993,-0.027542669651781093,0.027841173486280013
2025-10-17,-0.0030562638621535188,-0.024843750000000164,0.021787486137846646
2025-10-20,0.0018856069323420765,0.006339128344816647,-0.00445352141247457
2025-10-21,0.0022755912762288943,0.01901700683656915,-0.016741415560340256
2025-10-22,0.002378671686111833,-0.006240234375000209,0.008618906061112042
2025-10-23,0.001064695774706248,0.0,0.001064695774706248
2025-10-24,-0.001647946828604585,-0.006259765529033512,0.004611818700428927
2025-10-27,-0.007409207307074617,-0.012539060954867343,0.005129853647792726
2025-10-28,0.0010413754697902178,-0.015760194680339845,0.016801570150130063
2025-10-29,-0.0003960441708235063,0.012799869762851301,-0.013195913933674808
2025-10-30,0.0028469868845582003,-0.012638103681676616,0.015485090566234816
2025-10-31,-0.002940588113508502,0.0,-0.002940588113508502
2025-11-03,0.0027974671181303368,0.009592271239211803,-0.006794804121081466
2025-11-04,-0.0016854484974776485,-0.022098765432098433,0.020413316934620784
2025-11-05,-0.001522812390337136,-0.0032076964102144556,0.0016848840198773196
2025-11-06,-0.0013900287959396351,-0.012820380269021436,0.011430351473081801
2025-11-07,0.0007937899002590232,0.0,0.0007937899002590232
2025-11-10,1.2872035026978423e-05,0.026057540243608956,-0.026044668208581978
2025-11-11,0.0019560365188990847,0.0063999836683033,-0.004443947149404215
2025-11-12,-0.0009237115364704174,-0.006359284352306482,0.005435572815836065
2025-11-13,0.001393002454235237,0.0063999836683033,-0.0050069812140680625
2025-11-14,-0.00012357545430818906,-0.003182177775974626,0.003058602321666437
2025-11-17,0.002532856764822178,-0.0031872489691677774,0.005720105733989955
2025-11-18,-0.0002604804053965015,-0.04110228745827771,0.04084180705288121
2025-11-19,-0.005883048599873986,-0.022708099923091196,0.01682505132321721
2025-11-20,-0.0048489268761570115,0.046738337200056934,-0.051587264076213946
2025-11-21,-0.004965470080126488,-0.044651404786680726,0.03968593470655424
2025-11-24,0.0009498301445436397,-0.006589767887679621,0.00753959803222326
2025-11-25,0.003851546130728245,0.0,0.003851546130728245
2025-11-26,-4.706584176616957e-06,-0.04905212490680255,0.049047418322625935
2025-11-27,0.0007973446025020259,-0.13752986991274663,0.13832721451524865
2025-11-28,0.0010779739719894987,-0.032636050386185,0.0337140243581745
2025-12-01,-0.0007540277974772414,-0.0657951106258895,0.06504108282841226
2025-12-02,-0.0026552617581456772,0.0,-0.0026552617581456772
2025-12-03,-0.001218853160552591,-0.07174186390532566,0.07052301074477307
2025-12-04,-0.0007828812642389771,-0.015904319106298415,0.015121437842059438
2025-12-05,-0.004031765109125396,-0.008032095996502009,0.004000330887376613
2025-12-08,0.0008693038363483119,-0.016096316702377433,0.016965620538725745
2025-12-09,-0.00018050552532133946,-0.05621347182067449,0.05603296629535315
2025-12-10,-0.03333099443169518,0.21138404335271588,-0.24471503778441106
2025-12-11,-0.0005798960572650502,-0.06739591836734704,0.06681602231008199
2025-12-12,-0.0004209611721001094,-0.01962660815642181,0.0192056469843217
2025-12-15,-7.850738158510229e-05,-0.058868113204551986,0.058789605822966884
2025-12-16,-0.0005786202642706906,0.041489402071940074,-0.042068022336210764
2025-12-17,-0.00021845870681047597,-0.0040200964337330225,0.0038016377269225465
2025-12-18,-4.155891827017921e-05,-0.035961075702393264,0.035919516784123084
2025-12-19,-0.00476452004918948,0.012358276165940874,-0.017122796215130354
2025-12-22,-0.003534712704184484,0.012282382340691012,-0.015817095044875495
2025-12-23,0.0,-0.055988710095495,0.055988710095495
2025-12-24,0.0,-0.012486870262943484,0.012486870262943484
2025-12-25,0.0,0.012644763787868163,-0.012644763787868163
2025-12-26,0.0,-0.008333297013175756,0.008333297013175756
2025-12-29,-7.871752467192294e-06,-0.01253906095486701,0.012531189202399817
2025-12-30,-5.727411047928843e-05,-0.04999198846338726,0.04993471435290797
2025-12-31,0.00020462997153081197,0.013029178613594317,-0.012824548642063505
