,auto_amount_ma_30_processed,auto_amount_ma_30_1_processed,auto_std_60_processed,auto_std_60_1_processed,auto_quantile_0.25_30_1_processed,auto_quantile_0.25_30_processed,auto_std_ratio_5_processed,auto_std_ratio_5_1_processed,auto_volatility_20_processed,auto_volatility_20_1_processed
auto_amount_ma_30_processed,1.0,1.0,0.16003454699558092,0.16003454699558092,0.13823589399601863,0.13823589399601863,-0.16341013405677954,-0.16341013405677954,-0.06389980499173303,-0.06389980499173303
auto_amount_ma_30_1_processed,1.0,1.0,0.16003454699558092,0.16003454699558092,0.13823589399601863,0.13823589399601863,-0.16341013405677954,-0.16341013405677954,-0.06389980499173303,-0.06389980499173303
auto_std_60_processed,0.16003454699558092,0.16003454699558092,1.0,1.0,0.7644719348379908,0.7644719348379908,0.11330659269671754,0.11330659269671754,0.24076900500905232,0.24076900500905232
auto_std_60_1_processed,0.16003454699558092,0.16003454699558092,1.0,1.0,0.7644719348379908,0.7644719348379908,0.11330659269671754,0.11330659269671754,0.24076900500905232,0.24076900500905232
auto_quantile_0.25_30_1_processed,0.13823589399601863,0.13823589399601863,0.7644719348379908,0.7644719348379908,1.0,1.0,0.04221694548095393,0.04221694548095393,0.07863633708355508,0.07863633708355508
auto_quantile_0.25_30_processed,0.13823589399601863,0.13823589399601863,0.7644719348379908,0.7644719348379908,1.0,1.0,0.04221694548095393,0.04221694548095393,0.07863633708355508,0.07863633708355508
auto_std_ratio_5_processed,-0.16341013405677954,-0.16341013405677954,0.11330659269671754,0.11330659269671754,0.04221694548095393,0.04221694548095393,1.0,1.0,0.4746527928074207,0.4746527928074207
auto_std_ratio_5_1_processed,-0.16341013405677954,-0.16341013405677954,0.11330659269671754,0.11330659269671754,0.04221694548095393,0.04221694548095393,1.0,1.0,0.4746527928074207,0.4746527928074207
auto_volatility_20_processed,-0.06389980499173303,-0.06389980499173303,0.24076900500905232,0.24076900500905232,0.07863633708355508,0.07863633708355508,0.4746527928074207,0.4746527928074207,1.0,1.0
auto_volatility_20_1_processed,-0.06389980499173303,-0.06389980499173303,0.24076900500905232,0.24076900500905232,0.07863633708355508,0.07863633708355508,0.4746527928074207,0.4746527928074207,1.0,1.0
