factor,ic,ic_abs,ir,monotonicity,ic_win_rate,coverage,n_obs,ic_score,ir_score,mono_score,win_rate_score,coverage_score,composite_score
auto_kurtosis_20_processed,0.07179162383336064,0.07179162383336064,0.09089985981704404,0.9999999999999999,0.4874999939062501,1.0,23479,0.8019253220009945,0.829900264332589,0.999999000001,0.4874999939062501,1.0,0.8310811956695334
auto_kurtosis_20_1_processed,0.07179162383336064,0.07179162383336064,0.09089985981704404,0.9999999999999999,0.4874999939062501,1.0,23479,0.8019253220009945,0.829900264332589,0.999999000001,0.4874999939062501,1.0,0.8310811956695334
hist_vol_60_processed,-0.07306209724592114,0.07306209724592114,0.017730016299608554,-0.8999999999999998,0.6499999918750001,1.0,23479,0.821901148754578,0.7890048669215513,0.8999991000008999,0.6499999918750001,1.0,0.8302263227004624
auto_volatility_20_processed,0.0843882807515693,0.0843882807515693,0.20527446365279808,0.6,0.4999999937500001,1.0,23479,0.9999842768636037,0.8938254369548129,0.5999994000006,0.4999999937500001,1.0,0.8184523075172241
auto_volatility_20_1_processed,0.0843882807515693,0.0843882807515693,0.20527446365279808,0.6,0.4999999937500001,1.0,23479,0.9999842768636037,0.8938254369548129,0.5999994000006,0.4999999937500001,1.0,0.8184523075172241
hist_vol_20_processed,0.07258595649116122,0.07258595649116122,0.18063324385007476,0.6,0.7624999904687502,1.0,23479,0.8144147227236422,0.8800531992666869,0.5999994000006,0.7624999904687502,1.0,0.8079918590680149
auto_volatility_60_processed,-0.0508661023407303,0.0508661023407303,0.10798706335614514,-0.8999999999999998,0.6499999918750001,1.0,23479,0.47291049340829794,0.839450482643611,0.8999991000008999,0.6499999918750001,1.0,0.7555900627944073
auto_volatility_60_1_processed,-0.0508661023407303,0.0508661023407303,0.10798706335614514,-0.8999999999999998,0.6499999918750001,1.0,23479,0.47291049340829794,0.839450482643611,0.8999991000008999,0.6499999918750001,1.0,0.7555900627944073
auto_std_60_1_processed,-0.03978620734765691,0.03978620734765691,0.23080072998954732,-0.8999999999999998,0.6749999915625001,1.0,23479,0.2986997931753315,0.9080923364871675,0.8999991000008999,0.6749999915625001,1.0,0.7329478511501798
auto_std_60_processed,-0.03978620734765691,0.03978620734765691,0.23080072998954732,-0.8999999999999998,0.6749999915625001,1.0,23479,0.2986997931753315,0.9080923364871675,0.8999991000008999,0.6749999915625001,1.0,0.7329478511501798
auto_amount_ma_30_processed,-0.03491922973834383,0.03491922973834383,0.3454661617069575,-0.8999999999999998,0.6749999915625001,1.0,23479,0.22217564038627952,0.972180055880394,0.8999991000008999,0.6749999915625001,1.0,0.7298387428012234
auto_amount_ma_30_1_processed,-0.03491922973834383,0.03491922973834383,0.3454661617069575,-0.8999999999999998,0.6749999915625001,1.0,23479,0.22217564038627952,0.972180055880394,0.8999991000008999,0.6749999915625001,1.0,0.7298387428012234
auto_open_ratio_60_processed,-0.056831451634345866,0.056831451634345866,-0.37496168105820077,-0.8999999999999998,0.6749999915625001,1.0,23479,0.5667044940034908,0.5695253347610667,0.8999991000008999,0.6749999915625001,1.0,0.7153072759256944
auto_open_ratio_60_1_processed,-0.056831451634345866,0.056831451634345866,-0.37496168105820077,-0.8999999999999998,0.6749999915625001,1.0,23479,0.5667044940034908,0.5695253347610667,0.8999991000008999,0.6749999915625001,1.0,0.7153072759256944
auto_open_log_return_60_processed,-0.056346335021794355,0.056346335021794355,-0.38235781953576103,-0.8999999999999998,0.6749999915625001,1.0,23479,0.5590769393362238,0.5653915549440466,0.8999991000008999,0.6749999915625001,1.0,0.7123669423046226
auto_open_log_return_60_1_processed,-0.056346335021794355,0.056346335021794355,-0.38235781953576103,-0.8999999999999998,0.6749999915625001,1.0,23479,0.5590769393362238,0.5653915549440466,0.8999991000008999,0.6749999915625001,1.0,0.7123669423046226
auto_quantile_0.75_30_processed,-0.03292140258044634,0.03292140258044634,0.25520518267266623,-0.8999999999999998,0.6749999915625001,1.0,23479,0.1907635314863903,0.9217322425344886,0.8999991000008999,0.6749999915625001,1.0,0.7093737622397748
auto_quantile_0.75_30_1_processed,-0.03292140258044634,0.03292140258044634,0.25520518267266623,-0.8999999999999998,0.6749999915625001,1.0,23479,0.1907635314863903,0.9217322425344886,0.8999991000008999,0.6749999915625001,1.0,0.7093737622397748
auto_high_ratio_60_processed,-0.05213989239205868,0.05213989239205868,-0.4320384503062707,-0.9999999999999999,0.6749999915625001,1.0,23479,0.4929384681256061,0.5376245263251198,0.999999000001,0.6749999915625001,1.0,0.7088905473472565
auto_high_ratio_60_1_processed,-0.05213989239205868,0.05213989239205868,-0.4320384503062707,-0.9999999999999999,0.6749999915625001,1.0,23479,0.4929384681256061,0.5376245263251198,0.999999000001,0.6749999915625001,1.0,0.7088905473472565
auto_quantile_0.25_60_processed,-0.029042691394415752,0.029042691394415752,0.2091715589657276,-0.9999999999999999,0.6749999915625001,1.0,23479,0.12977802646650963,0.8960035646356923,0.999999000001,0.6749999915625001,1.0,0.7076951965101256
auto_quantile_0.25_60_1_processed,-0.029042691394415752,0.029042691394415752,0.2091715589657276,-0.9999999999999999,0.6749999915625001,1.0,23479,0.12977802646650963,0.8960035646356923,0.999999000001,0.6749999915625001,1.0,0.7076951965101256
auto_quantile_0.75_60_processed,-0.03160903304090037,0.03160903304090037,0.2550951519664748,-0.8999999999999998,0.6749999915625001,1.0,23479,0.17012896621373683,0.9216707452120836,0.8999991000008999,0.6749999915625001,1.0,0.7041997465910101
auto_quantile_0.75_60_1_processed,-0.03160903304090037,0.03160903304090037,0.2550951519664748,-0.8999999999999998,0.6749999915625001,1.0,23479,0.17012896621373683,0.9216707452120836,0.8999991000008999,0.6749999915625001,1.0,0.7041997465910101
auto_quantile_0.9_30_1_processed,-0.0313323459858565,0.0313323459858565,0.24776550660794033,-0.8999999999999998,0.6749999915625001,1.0,23479,0.1657785779081867,0.9175741291007233,0.8999991000008999,0.6749999915625001,1.0,0.7020879954867826
auto_quantile_0.9_30_processed,-0.0313323459858565,0.0313323459858565,0.24776550660794033,-0.8999999999999998,0.6749999915625001,1.0,23479,0.1657785779081867,0.9175741291007233,0.8999991000008999,0.6749999915625001,1.0,0.7020879954867826
auto_quantile_0.1_20_1_processed,-0.03495535359524705,0.03495535359524705,0.14095539413692926,-0.8999999999999998,0.6749999915625001,1.0,23479,0.2227436207155299,0.8578768305001218,0.8999991000008999,0.6749999915625001,1.0,0.701404931538468
auto_quantile_0.1_20_processed,-0.03495535359524705,0.03495535359524705,0.14095539413692926,-0.8999999999999998,0.6749999915625001,1.0,23479,0.2227436207155299,0.8578768305001218,0.8999991000008999,0.6749999915625001,1.0,0.701404931538468
auto_amount_ma_60_processed,-0.025765646483675228,0.025765646483675228,0.3952404686305176,-0.8999999999999998,0.6749999915625001,1.0,23479,0.07825260235807882,0.999999441089451,0.8999991000008999,0.6749999915625001,1.0,0.7008128295964374
auto_amount_ma_60_1_processed,-0.025765646483675228,0.025765646483675228,0.3952404686305176,-0.8999999999999998,0.6749999915625001,1.0,23479,0.07825260235807882,0.999999441089451,0.8999991000008999,0.6749999915625001,1.0,0.7008128295964374
auto_skew_30_1_processed,0.033589260691833156,0.033589260691833156,0.2146886441825961,0.8999999999999998,0.6374999920312501,1.0,23479,0.20126435566511214,0.8990871217631671,0.8999991000008999,0.6374999920312501,1.0,0.7007126881619373
auto_skew_30_processed,0.033589260691833156,0.033589260691833156,0.2146886441825961,0.8999999999999998,0.6374999920312501,1.0,23479,0.20126435566511214,0.8990871217631671,0.8999991000008999,0.6374999920312501,1.0,0.7007126881619373
auto_low_ratio_60_1_processed,-0.054113239845463096,0.054113239845463096,-0.41841424102751146,-0.8999999999999998,0.6749999915625001,1.0,23479,0.5239656792928091,0.5452392406128884,0.8999991000008999,0.6749999915625001,1.0,0.6985510487109794
auto_low_ratio_60_processed,-0.054113239845463096,0.054113239845463096,-0.41841424102751146,-0.8999999999999998,0.6749999915625001,1.0,23479,0.5239656792928091,0.5452392406128884,0.8999991000008999,0.6749999915625001,1.0,0.6985510487109794
auto_close_ratio_60_1_processed,-0.05091041785920128,0.05091041785920128,-0.4846661473649895,-0.9999999999999999,0.6749999915625001,1.0,23479,0.47360727234969063,0.508210351269092,0.999999000001,0.6749999915625001,1.0,0.6967042046392707
auto_close_ratio_60_processed,-0.05091041785920128,0.05091041785920128,-0.4846661473649895,-0.9999999999999999,0.6749999915625001,1.0,23479,0.47360727234969063,0.508210351269092,0.999999000001,0.6749999915625001,1.0,0.6967042046392707
auto_low_log_return_60_processed,-0.053767853688112696,0.053767853688112696,-0.42895145999125733,-0.8999999999999998,0.6749999915625001,1.0,23479,0.5185351256313889,0.5393498777768612,0.8999991000008999,0.6749999915625001,1.0,0.6957210695866175
auto_low_log_return_60_1_processed,-0.053767853688112696,0.053767853688112696,-0.42895145999125733,-0.8999999999999998,0.6749999915625001,1.0,23479,0.5185351256313889,0.5393498777768612,0.8999991000008999,0.6749999915625001,1.0,0.6957210695866175
auto_quantile_0.25_20_processed,-0.031216357542131156,0.031216357542131156,0.18663213937859544,-0.8999999999999998,0.6749999915625001,1.0,23479,0.16395487578709658,0.883406045259964,0.8999991000008999,0.6749999915625001,1.0,0.6930900489963202
auto_quantile_0.25_20_1_processed,-0.031216357542131156,0.031216357542131156,0.18663213937859544,-0.8999999999999998,0.6749999915625001,1.0,23479,0.16395487578709658,0.883406045259964,0.8999991000008999,0.6749999915625001,1.0,0.6930900489963202
auto_quantile_0.1_60_processed,-0.02415022117006753,0.02415022117006753,0.22752056444587027,-0.9999999999999999,0.6749999915625001,1.0,23479,0.052853049814161265,0.9062590173623192,0.999999000001,0.6749999915625001,1.0,0.6910278155286952
auto_quantile_0.1_60_1_processed,-0.02415022117006753,0.02415022117006753,0.22752056444587027,-0.9999999999999999,0.6749999915625001,1.0,23479,0.052853049814161265,0.9062590173623192,0.999999000001,0.6749999915625001,1.0,0.6910278155286952
auto_quantile_0.9_10_1_processed,-0.031859848634792506,0.031859848634792506,-0.000808374685275204,-0.9999999999999999,0.6749999915625001,1.0,23479,0.17407257400682627,0.7786435646384957,0.999999000001,0.6749999915625001,1.0,0.6894288333959055
auto_quantile_0.9_10_processed,-0.031859848634792506,0.031859848634792506,-0.000808374685275204,-0.9999999999999999,0.6749999915625001,1.0,23479,0.17407257400682627,0.7786435646384957,0.999999000001,0.6749999915625001,1.0,0.6894288333959055
auto_ma_60_processed,-0.02984800570359864,0.02984800570359864,0.18238495768842,-0.8999999999999998,0.6749999915625001,1.0,23479,0.14244009319169826,0.8810322506097784,0.8999991000008999,0.6749999915625001,1.0,0.6871179046849242
auto_ma_60_1_processed,-0.02984800570359864,0.02984800570359864,0.18238495768842,-0.8999999999999998,0.6749999915625001,1.0,23479,0.14244009319169826,0.8810322506097784,0.8999991000008999,0.6749999915625001,1.0,0.6871179046849242
auto_quantile_0.75_20_1_processed,-0.028915264676351412,0.028915264676351412,0.20138534870572264,-0.8999999999999998,0.6749999915625001,1.0,23479,0.12777447879784892,0.8916517695845941,0.8999991000008999,0.6749999915625001,1.0,0.6861063808301658
auto_quantile_0.75_20_processed,-0.028915264676351412,0.028915264676351412,0.20138534870572264,-0.8999999999999998,0.6749999915625001,1.0,23479,0.12777447879784892,0.8916517695845941,0.8999991000008999,0.6749999915625001,1.0,0.6861063808301658
auto_high_log_return_60_processed,-0.05157944882293746,0.05157944882293746,-0.4428227760773028,-0.8999999999999998,0.6749999915625001,1.0,23479,0.4841265374458743,0.531597052887769,0.8999991000008999,0.6749999915625001,1.0,0.6851807163179658
auto_high_log_return_60_1_processed,-0.05157944882293746,0.05157944882293746,-0.4428227760773028,-0.8999999999999998,0.6749999915625001,1.0,23479,0.4841265374458743,0.531597052887769,0.8999991000008999,0.6749999915625001,1.0,0.6851807163179658
auto_quantile_0.1_10_1_processed,-0.036318827941557254,0.036318827941557254,-0.016671106529309664,-0.8999999999999998,0.6749999915625001,1.0,23479,0.24418171383544487,0.769777716474806,0.8999991000008999,0.6749999915625001,1.0,0.6847396763121177
auto_quantile_0.1_10_processed,-0.036318827941557254,0.036318827941557254,-0.016671106529309664,-0.8999999999999998,0.6749999915625001,1.0,23479,0.24418171383544487,0.769777716474806,0.8999991000008999,0.6749999915625001,1.0,0.6847396763121177
auto_quantile_0.25_10_processed,-0.034284315776814865,0.034284315776814865,0.008058291959986,-0.8999999999999998,0.6624999917187501,1.0,23479,0.21219280156923348,0.7835992381610548,0.8999991000008999,0.6624999917187501,1.0,0.6783228286905646
auto_quantile_0.25_10_1_processed,-0.034284315776814865,0.034284315776814865,0.008058291959986,-0.8999999999999998,0.6624999917187501,1.0,23479,0.21219280156923348,0.7835992381610548,0.8999991000008999,0.6624999917187501,1.0,0.6783228286905646
auto_quantile_0.9_5_processed,-0.035731895325281836,0.035731895325281836,-0.18813295843678812,-0.9999999999999999,0.6624999917187501,1.0,23479,0.23495329225429912,0.6739458786915535,0.999999000001,0.6624999917187501,1.0,0.6765995914944757
auto_quantile_0.9_5_1_processed,-0.035731895325281836,0.035731895325281836,-0.18813295843678812,-0.9999999999999999,0.6624999917187501,1.0,23479,0.23495329225429912,0.6739458786915535,0.999999000001,0.6624999917187501,1.0,0.6765995914944757
auto_quantile_0.9_20_processed,-0.028239061152992993,0.028239061152992993,0.18956021373324736,-0.8999999999999998,0.6374999920312501,1.0,23479,0.11714243856841415,0.885042576905054,0.8999991000008999,0.6374999920312501,1.0,0.6761710726732346
auto_quantile_0.9_20_1_processed,-0.028239061152992993,0.028239061152992993,0.18956021373324736,-0.8999999999999998,0.6374999920312501,1.0,23479,0.11714243856841415,0.885042576905054,0.8999991000008999,0.6374999920312501,1.0,0.6761710726732346
auto_volume_ma_ratio_60_1_processed,0.036114260033667335,0.036114260033667335,-0.22111937110166455,0.9999999999999999,0.6749999915625001,1.0,23479,0.24096526471738242,0.6555094246792778,0.999999000001,0.6749999915625001,1.0,0.6753684710837401
auto_volume_ma_ratio_60_processed,0.036114260033667335,0.036114260033667335,-0.22111937110166455,0.9999999999999999,0.6749999915625001,1.0,23479,0.24096526471738242,0.6555094246792778,0.999999000001,0.6749999915625001,1.0,0.6753684710837401
auto_ma_10_1_processed,-0.03335534483446623,0.03335534483446623,-0.0027205249621771754,-0.8999999999999998,0.6749999915625001,1.0,23479,0.1975864647344704,0.7775748436774498,0.8999991000008999,0.6749999915625001,1.0,0.6750401458375351
auto_ma_10_processed,-0.03335534483446623,0.03335534483446623,-0.0027205249621771754,-0.8999999999999998,0.6749999915625001,1.0,23479,0.1975864647344704,0.7775748436774498,0.8999991000008999,0.6749999915625001,1.0,0.6750401458375351
auto_quantile_0.25_30_processed,-0.03491503533463198,0.03491503533463198,0.22561207893036206,-0.7,0.6749999915625001,1.0,23479,0.2221096912046169,0.9051923446750759,0.6999993000007,0.6749999915625001,1.0,0.6730753677044382
auto_quantile_0.25_30_1_processed,-0.03491503533463198,0.03491503533463198,0.22561207893036206,-0.7,0.6749999915625001,1.0,23479,0.2221096912046169,0.9051923446750759,0.6999993000007,0.6749999915625001,1.0,0.6730753677044382
auto_close_log_return_60_1_processed,-0.050350612294363155,0.050350612294363155,-0.49684740496189483,-0.8999999999999998,0.6749999915625001,1.0,23479,0.46480537309832337,0.501402117898018,0.8999991000008999,0.6749999915625001,1.0,0.6728016914836404
auto_close_log_return_60_processed,-0.050350612294363155,0.050350612294363155,-0.49684740496189483,-0.8999999999999998,0.6749999915625001,1.0,23479,0.46480537309832337,0.501402117898018,0.8999991000008999,0.6749999915625001,1.0,0.6728016914836404
auto_quantile_0.75_10_processed,-0.031765829168821355,0.031765829168821355,0.02205162386867396,-0.8999999999999998,0.6749999915625001,1.0,23479,0.17259429311945293,0.7914202589805674,0.8999991000008999,0.6749999915625001,1.0,0.6722534567595602
auto_quantile_0.75_10_1_processed,-0.031765829168821355,0.031765829168821355,0.02205162386867396,-0.8999999999999998,0.6749999915625001,1.0,23479,0.17259429311945293,0.7914202589805674,0.8999991000008999,0.6749999915625001,1.0,0.6722534567595602
auto_quantile_0.1_30_1_processed,-0.0337963796646884,0.0337963796646884,0.21054829935451624,-0.7,0.6749999915625001,1.0,23479,0.20452091552558033,0.8967730393622294,0.6999993000007,0.6749999915625001,1.0,0.6665733474564675
auto_quantile_0.1_30_processed,-0.0337963796646884,0.0337963796646884,0.21054829935451624,-0.7,0.6749999915625001,1.0,23479,0.20452091552558033,0.8967730393622294,0.6999993000007,0.6749999915625001,1.0,0.6665733474564675
auto_ma_30_1_processed,-0.0338127620129421,0.0338127620129421,0.20292387237301054,-0.7,0.6749999915625001,1.0,23479,0.2047784974216652,0.8925116666921372,0.6999993000007,0.6749999915625001,1.0,0.6655723997629657
auto_ma_30_processed,-0.0338127620129421,0.0338127620129421,0.20292387237301054,-0.7,0.6749999915625001,1.0,23479,0.2047784974216652,0.8925116666921372,0.6999993000007,0.6749999915625001,1.0,0.6655723997629657
auto_low_close_ratio_processed,-0.0285284464209217,0.0285284464209217,0.33626266008027256,-0.7999999999999999,0.5374999932812501,1.0,23479,0.12169248260714205,0.9670361217334428,0.7999992000008,0.5374999932812501,1.0,0.6628069900774938
auto_low_close_ratio_1_processed,-0.0285284464209217,0.0285284464209217,0.33626266008027256,-0.7999999999999999,0.5374999932812501,1.0,23479,0.12169248260714205,0.9670361217334428,0.7999992000008,0.5374999932812501,1.0,0.6628069900774938
auto_quantile_0.9_60_processed,-0.030689998574188176,0.030689998574188176,0.2360428888016925,-0.7,0.6749999915625001,1.0,23479,0.15567886194070427,0.9110222343468419,0.6999993000007,0.6749999915625001,1.0,0.6579251328064016
auto_quantile_0.9_60_1_processed,-0.030689998574188176,0.030689998574188176,0.2360428888016925,-0.7,0.6749999915625001,1.0,23479,0.15567886194070427,0.9110222343468419,0.6999993000007,0.6749999915625001,1.0,0.6579251328064016
auto_std_ratio_5_processed,0.03963620047140735,0.03963620047140735,0.21040142241000998,0.7,0.4624999942187501,1.0,23479,0.29634121459967416,0.896690948288539,0.6999993000007,0.4624999942187501,1.0,0.6576328998550058
auto_std_ratio_5_1_processed,0.03963620047140735,0.03963620047140735,0.21040142241000998,0.7,0.4624999942187501,1.0,23479,0.29634121459967416,0.896690948288539,0.6999993000007,0.4624999942187501,1.0,0.6576328998550058
amihud_processed,0.03927647759233219,0.03927647759233219,0.04967208559262273,0.8999999999999998,0.32499999593750006,1.0,23479,0.2906852427070995,0.8068576264065083,0.8999991000008999,0.32499999593750006,1.0,0.653135536669207
auto_quantile_0.1_5_1_processed,-0.03806455479074098,0.03806455479074098,-0.21296983302436154,-0.8999999999999998,0.5999999925000001,1.0,23479,0.27163001519587393,0.6600642874802114,0.8999991000008999,0.5999999925000001,1.0,0.6529233945442013
auto_quantile_0.1_5_processed,-0.03806455479074098,0.03806455479074098,-0.21296983302436154,-0.8999999999999998,0.5999999925000001,1.0,23479,0.27163001519587393,0.6600642874802114,0.8999991000008999,0.5999999925000001,1.0,0.6529233945442013
auto_quantile_0.75_5_processed,-0.03583989482815443,0.03583989482815443,-0.1786376184802232,-0.8999999999999998,0.6249999921875001,1.0,23479,0.23665138316869938,0.6792529243596791,0.8999991000008999,0.6249999921875001,1.0,0.6527258957103997
auto_quantile_0.75_5_1_processed,-0.03583989482815443,0.03583989482815443,-0.1786376184802232,-0.8999999999999998,0.6249999921875001,1.0,23479,0.23665138316869938,0.6792529243596791,0.8999991000008999,0.6249999921875001,1.0,0.6527258957103997
auto_quantile_0.25_5_1_processed,-0.03702128378221131,0.03702128378221131,-0.19669350636111055,-0.8999999999999998,0.5999999925000001,1.0,23479,0.2552265228304384,0.6691612981513754,0.8999991000008999,0.5999999925000001,1.0,0.6510967741206335
auto_quantile_0.25_5_processed,-0.03702128378221131,0.03702128378221131,-0.19669350636111055,-0.8999999999999998,0.5999999925000001,1.0,23479,0.2552265228304384,0.6691612981513754,0.8999991000008999,0.5999999925000001,1.0,0.6510967741206335
auto_ma_5_processed,-0.036667042258844894,0.036667042258844894,-0.20158880218972364,-0.8999999999999998,0.6124999923437501,1.0,23479,0.24965673504130897,0.6664252656722569,0.8999991000008999,0.6124999923437501,1.0,0.650895319030134
auto_ma_5_1_processed,-0.036667042258844894,0.036667042258844894,-0.20158880218972364,-0.8999999999999998,0.6124999923437501,1.0,23479,0.24965673504130897,0.6664252656722569,0.8999991000008999,0.6124999923437501,1.0,0.650895319030134
auto_high_low_ratio_1_processed,0.028869655639917807,0.028869655639917807,0.1261263779747591,0.9999999999999999,0.36249999546875006,1.0,23479,0.12705736169709875,0.8495887369356993,0.999999000001,0.36249999546875006,1.0,0.6485363239787121
auto_high_low_ratio_processed,0.028869655639917807,0.028869655639917807,0.1261263779747591,0.9999999999999999,0.36249999546875006,1.0,23479,0.12705736169709875,0.8495887369356993,0.999999000001,0.36249999546875006,1.0,0.6485363239787121
auto_ma_20_processed,-0.030874610913860023,0.030874610913860023,0.15176110654962136,-0.7,0.6749999915625001,1.0,23479,0.158581546937808,0.8639162571571041,0.6999993000007,0.6749999915625001,1.0,0.646874309758243
auto_ma_20_1_processed,-0.030874610913860023,0.030874610913860023,0.15176110654962136,-0.7,0.6749999915625001,1.0,23479,0.158581546937808,0.8639162571571041,0.6999993000007,0.6749999915625001,1.0,0.646874309758243
highest_lowest_pos_processed,0.0591006506359148,0.0591006506359148,-0.8433152119980228,0.8999999999999998,0.5249999934375001,1.0,23479,0.6023834194155461,0.3077576056544332,0.8999991000008999,0.5249999934375001,1.0,0.6362850752832998
auto_volume_ma_ratio_30_1_processed,0.04086964863780935,0.04086964863780935,-0.32655266860475396,0.9999999999999999,0.36249999546875006,1.0,23479,0.3157348883578004,0.5965816424882774,0.999999000001,0.36249999546875006,1.0,0.632453932032032
auto_volume_ma_ratio_30_processed,0.04086964863780935,0.04086964863780935,-0.32655266860475396,0.9999999999999999,0.36249999546875006,1.0,23479,0.3157348883578004,0.5965816424882774,0.999999000001,0.36249999546875006,1.0,0.632453932032032
auto_amount_ma_ratio_60_processed,0.03337076436524875,0.03337076436524875,-0.3110653223820103,0.8999999999999998,0.6749999915625001,1.0,23479,0.19782890812013124,0.6052376836682823,0.8999991000008999,0.6749999915625001,1.0,0.6320164666816585
auto_amount_ma_ratio_60_1_processed,0.03337076436524875,0.03337076436524875,-0.3110653223820103,0.8999999999999998,0.6749999915625001,1.0,23479,0.19782890812013124,0.6052376836682823,0.8999991000008999,0.6749999915625001,1.0,0.6320164666816585
auto_volume_ma_ratio_20_1_processed,0.04046473236684451,0.04046473236684451,-0.21332373491676976,0.9999999999999999,0.2624999967187501,1.0,23479,0.30936833460033203,0.659866487979231,0.999999000001,0.2624999967187501,1.0,0.6316835051529033
auto_volume_ma_ratio_20_processed,0.04046473236684451,0.04046473236684451,-0.21332373491676976,0.9999999999999999,0.2624999967187501,1.0,23479,0.30936833460033203,0.659866487979231,0.999999000001,0.2624999967187501,1.0,0.6316835051529033
auto_kurtosis_30_processed,0.02119229088034949,0.02119229088034949,0.01265363289764066,0.9999999999999999,0.4749999940625001,1.0,23479,0.006345108418126102,0.7861676226873907,0.999999000001,0.4749999940625001,1.0,0.6193779818859543
auto_kurtosis_30_1_processed,0.02119229088034949,0.02119229088034949,0.01265363289764066,0.9999999999999999,0.4749999940625001,1.0,23479,0.006345108418126102,0.7861676226873907,0.999999000001,0.4749999940625001,1.0,0.6193779818859543
auto_amount_ma_ratio_20_processed,0.04135837245907185,0.04135837245907185,-0.31981205213252434,0.9999999999999999,0.24999999687500005,1.0,23479,0.3234191596596401,0.6003490441414124,0.999999000001,0.24999999687500005,1.0,0.6184418504817131
auto_amount_ma_ratio_20_1_processed,0.04135837245907185,0.04135837245907185,-0.31981205213252434,0.9999999999999999,0.24999999687500005,1.0,23479,0.3234191596596401,0.6003490441414124,0.999999000001,0.24999999687500005,1.0,0.6184418504817131
auto_kurtosis_10_processed,0.03528583451253044,0.03528583451253044,-0.014313284623800073,0.8999999999999998,0.24999999687500005,1.0,23479,0.2279398172543567,0.7710955280104735,0.8999991000008999,0.24999999687500005,1.0,0.6172586558476375
auto_kurtosis_10_1_processed,0.03528583451253044,0.03528583451253044,-0.014313284623800073,0.8999999999999998,0.24999999687500005,1.0,23479,0.2279398172543567,0.7710955280104735,0.8999991000008999,0.24999999687500005,1.0,0.6172586558476375
auto_ma_cross_20_processed,0.04645327219664149,0.04645327219664149,-0.4092509251789445,0.7,0.5499999931250001,1.0,23479,0.40352696315900893,0.5503607145045295,0.6999993000007,0.5499999931250001,1.0,0.6109717783847747
auto_ma_cross_20_1_processed,0.04645327219664149,0.04645327219664149,-0.4092509251789445,0.7,0.5499999931250001,1.0,23479,0.40352696315900893,0.5503607145045295,0.6999993000007,0.5499999931250001,1.0,0.6109717783847747
auto_std_ratio_60_1_processed,-0.030695213275385325,0.030695213275385325,0.15631163166587447,-0.49999999999999994,0.6749999915625001,1.0,23479,0.1557608533988931,0.8664595936480962,0.4999995000005,0.6749999915625001,1.0,0.6068050104962224
auto_std_ratio_60_processed,-0.030695213275385325,0.030695213275385325,0.15631163166587447,-0.49999999999999994,0.6749999915625001,1.0,23479,0.1557608533988931,0.8664595936480962,0.4999995000005,0.6749999915625001,1.0,0.6068050104962224
auto_amount_ma_ratio_30_processed,0.041554917968146844,0.041554917968146844,-0.4387779395483022,0.8999999999999998,0.36249999546875006,1.0,23479,0.32650947150690984,0.5338577546928337,0.8999991000008999,0.36249999546875006,1.0,0.5994666258704284
auto_amount_ma_ratio_30_1_processed,0.041554917968146844,0.041554917968146844,-0.4387779395483022,0.8999999999999998,0.36249999546875006,1.0,23479,0.32650947150690984,0.5338577546928337,0.8999991000008999,0.36249999546875006,1.0,0.5994666258704284
rsi_12_processed,0.06157984386870304,0.06157984386870304,-0.906568103553703,0.9999999999999999,0.06249999921875001,1.0,23479,0.6413641127675027,0.27240489730880957,0.999999000001,0.06249999921875001,1.0,0.5878170524020906
auto_skew_20_processed,0.03457937435528282,0.03457937435528282,0.13927376915376027,0.6,0.2624999967187501,1.0,23479,0.21683204784338864,0.856936952557556,0.5999994000006,0.2624999967187501,1.0,0.5778171296081687
auto_skew_20_1_processed,0.03457937435528282,0.03457937435528282,0.13927376915376027,0.6,0.2624999967187501,1.0,23479,0.21683204784338864,0.856936952557556,0.5999994000006,0.2624999967187501,1.0,0.5778171296081687
auto_volume_price_corr_auto_20_processed,-0.05611742426418171,0.05611742426418171,-0.1788923646013527,-0.39999999999999997,0.21249999734375005,1.0,23479,0.5554777442716959,0.6791105440652614,0.3999996000004,0.21249999734375005,1.0,0.5705219916858819
auto_vol_price_corr_20_1_processed,-0.05611742426418171,0.05611742426418171,-0.1788923646013527,-0.39999999999999997,0.21249999734375005,1.0,23479,0.5554777442716959,0.6791105440652614,0.3999996000004,0.21249999734375005,1.0,0.5705219916858819
auto_vol_price_corr_20_processed,-0.05611742426418171,0.05611742426418171,-0.1788923646013527,-0.39999999999999997,0.21249999734375005,1.0,23479,0.5554777442716959,0.6791105440652614,0.3999996000004,0.21249999734375005,1.0,0.5705219916858819
auto_vol_price_corr_10_processed,-0.0454978467308418,0.0454978467308418,-0.3343623530242272,-0.49999999999999994,0.4499999943750001,1.0,23479,0.38850467824372537,0.5922167274818233,0.4999995000005,0.4499999943750001,1.0,0.5626802505877372
auto_volume_price_corr_auto_10_processed,-0.0454978467308418,0.0454978467308418,-0.3343623530242272,-0.49999999999999994,0.4499999943750001,1.0,23479,0.38850467824372537,0.5922167274818233,0.4999995000005,0.4499999943750001,1.0,0.5626802505877372
auto_vol_price_corr_10_1_processed,-0.0454978467308418,0.0454978467308418,-0.3343623530242272,-0.49999999999999994,0.4499999943750001,1.0,23479,0.38850467824372537,0.5922167274818233,0.4999995000005,0.4499999943750001,1.0,0.5626802505877372
ma_dev_20_processed,0.05231008390871841,0.05231008390871841,-1.1210012762514285,0.9999999999999999,0.29999999625000007,1.0,23479,0.49561441255554317,0.1525559350311526,0.999999000001,0.29999999625000007,1.0,0.557042386334374
auto_quantile_ratio_0.1_20_processed,0.05107626397069878,0.05107626397069878,-0.9767233179267827,0.8999999999999998,0.28749999640625007,1.0,23479,0.47621489338156475,0.23319440792789417,0.8999991000008999,0.28749999640625007,1.0,0.5504771447884822
auto_quantile_ratio_0.1_20_1_processed,0.05107626397069878,0.05107626397069878,-0.9767233179267827,0.8999999999999998,0.28749999640625007,1.0,23479,0.47621489338156475,0.23319440792789417,0.8999991000008999,0.28749999640625007,1.0,0.5504771447884822
auto_std_30_processed,-0.020848038492461963,0.020848038492461963,0.19527581066197267,-0.39999999999999997,0.6374999920312501,1.0,23479,0.0009323811686125681,0.8882370843223868,0.3999996000004,0.6374999920312501,1.0,0.5479172851775174
auto_std_30_1_processed,-0.020848038492461963,0.020848038492461963,0.19527581066197267,-0.39999999999999997,0.6374999920312501,1.0,23479,0.0009323811686125681,0.8882370843223868,0.3999996000004,0.6374999920312501,1.0,0.5479172851775174
auto_volatility_10_1_processed,0.04319604719813345,0.04319604719813345,0.015504397296820684,0.0,0.4874999939062501,1.0,23479,0.35231317023397246,0.7877609449828241,0.0,0.4874999939062501,1.0,0.5081435278901366
auto_volatility_10_processed,0.04319604719813345,0.04319604719813345,0.015504397296820684,0.0,0.4874999939062501,1.0,23479,0.35231317023397246,0.7877609449828241,0.0,0.4874999939062501,1.0,0.5081435278901366
auto_std_ratio_20_processed,0.029685105140695164,0.029685105140695164,0.18085381737471315,0.09999999999999999,0.4999999937500001,1.0,23479,0.13987878542213,0.8801764801364388,0.0999999000001,0.4999999937500001,1.0,0.5000137954521623
auto_std_ratio_20_1_processed,0.029685105140695164,0.029685105140695164,0.18085381737471315,0.09999999999999999,0.4999999937500001,1.0,23479,0.13987878542213,0.8801764801364388,0.0999999000001,0.4999999937500001,1.0,0.5000137954521623
bollinger_band_processed,0.038444431886775,0.038444431886775,-1.0112601775268844,0.7999999999999999,0.4374999945312501,1.0,23479,0.27760287459065375,0.2138913927678465,0.7999992000008,0.4374999945312501,1.0,0.4984984060194726
auto_close_log_return_20_processed,0.023928182699209117,0.023928182699209117,-0.8376216060373127,0.9999999999999999,0.24999999687500005,1.0,23479,0.04936190865162472,0.3109398220877595,0.999999000001,0.24999999687500005,1.0,0.47757523221629605
auto_close_log_return_20_1_processed,0.023928182699209117,0.023928182699209117,-0.8376216060373127,0.9999999999999999,0.24999999687500005,1.0,23479,0.04936190865162472,0.3109398220877595,0.999999000001,0.24999999687500005,1.0,0.47757523221629605
auto_quantile_ratio_0.1_30_1_processed,0.025480261641620632,0.025480261641620632,-1.0120364300257778,0.9999999999999999,0.36249999546875006,1.0,23479,0.07376545756101292,0.2134575370575224,0.999999000001,0.36249999546875006,1.0,0.4761805479751464
auto_quantile_ratio_0.1_30_processed,0.025480261641620632,0.025480261641620632,-1.0120364300257778,0.9999999999999999,0.36249999546875006,1.0,23479,0.07376545756101292,0.2134575370575224,0.999999000001,0.36249999546875006,1.0,0.4761805479751464
auto_close_open_ratio_processed,0.027629223327070726,0.027629223327070726,-0.5069077195381927,0.7,0.22499999718750005,1.0,23479,0.10755387525180474,0.49577930195500286,0.6999993000007,0.22499999718750005,1.0,0.47458315387996686
auto_close_open_ratio_1_processed,0.027629223327070726,0.027629223327070726,-0.5069077195381927,0.7,0.22499999718750005,1.0,23479,0.10755387525180474,0.49577930195500286,0.6999993000007,0.22499999718750005,1.0,0.47458315387996686
macd_hist_processed,0.03676102230306193,0.03676102230306193,-0.81471702950483,0.7999999999999999,0.06249999921875001,1.0,23479,0.2511343960950653,0.32374143153228707,0.7999992000008,0.06249999921875001,1.0,0.46309379678981055
auto_close_ratio_20_processed,0.02384161223095743,0.02384161223095743,-0.8289396508045591,0.8999999999999998,0.27499999656250007,1.0,23479,0.04800074937141036,0.31579225845334624,0.8999991000008999,0.27499999656250007,1.0,0.4621980714407442
auto_close_ratio_20_1_processed,0.02384161223095743,0.02384161223095743,-0.8289396508045591,0.8999999999999998,0.27499999656250007,1.0,23479,0.04800074937141036,0.31579225845334624,0.8999991000008999,0.27499999656250007,1.0,0.4621980714407442
auto_quantile_ratio_0.25_30_processed,0.027525568373615323,0.027525568373615323,-1.0381351953298226,0.8999999999999998,0.36249999546875006,1.0,23479,0.1059240942804715,0.19887066181305116,0.8999991000008999,0.36249999546875006,1.0,0.46057350834387323
auto_quantile_ratio_0.25_30_1_processed,0.027525568373615323,0.027525568373615323,-1.0381351953298226,0.8999999999999998,0.36249999546875006,1.0,23479,0.1059240942804715,0.19887066181305116,0.8999991000008999,0.36249999546875006,1.0,0.46057350834387323
ma_dev_60_processed,0.022742840392672332,0.022742840392672332,-0.7584864908926133,0.49999999999999994,0.7249999909375001,1.0,23479,0.03072460988962147,0.3551692727389633,0.4999995000005,0.7249999909375001,1.0,0.4552233692978712
auto_low_ratio_10_processed,0.029440264106019243,0.029440264106019243,-0.893550355463635,0.8999999999999998,0.12499999843750002,1.0,23479,0.13602911643850504,0.2796806540406557,0.8999991000008999,0.12499999843750002,1.0,0.45267726238559514
auto_low_ratio_10_1_processed,0.029440264106019243,0.029440264106019243,-0.893550355463635,0.8999999999999998,0.12499999843750002,1.0,23479,0.13602911643850504,0.2796806540406557,0.8999991000008999,0.12499999843750002,1.0,0.45267726238559514
auto_open_ratio_10_1_processed,0.022758439185815618,0.022758439185815618,-0.7499281289188915,0.8999999999999998,0.13749999828125004,1.0,23479,0.03096987184183129,0.35995263152829116,0.8999991000008999,0.13749999828125004,1.0,0.44835544558489815
auto_open_ratio_10_processed,0.022758439185815618,0.022758439185815618,-0.7499281289188915,0.8999999999999998,0.13749999828125004,1.0,23479,0.03096987184183129,0.35995263152829116,0.8999991000008999,0.13749999828125004,1.0,0.44835544558489815
auto_open_log_return_10_1_processed,0.022667891145552444,0.022667891145552444,-0.7537626777124088,0.8999999999999998,0.13749999828125004,1.0,23479,0.02954617265435417,0.3578094617569148,0.8999991000008999,0.13749999828125004,1.0,0.4474637283451848
auto_open_log_return_10_processed,0.022667891145552444,0.022667891145552444,-0.7537626777124088,0.8999999999999998,0.13749999828125004,1.0,23479,0.02954617265435417,0.3578094617569148,0.8999991000008999,0.13749999828125004,1.0,0.4474637283451848
auto_price_ma_ratio_20_1_processed,0.03249774012966112,0.03249774012966112,-1.1921726414247582,0.8999999999999998,0.28749999640625007,1.0,23479,0.18410222898669623,0.11277750824859628,0.8999991000008999,0.28749999640625007,1.0,0.44734475376994065
auto_price_ma_ratio_20_processed,0.03249774012966112,0.03249774012966112,-1.1921726414247582,0.8999999999999998,0.28749999640625007,1.0,23479,0.18410222898669623,0.11277750824859628,0.8999991000008999,0.28749999640625007,1.0,0.44734475376994065
body_ratio_processed,0.02078873854459463,0.02078873854459463,0.1910611000929818,0.09999999999999999,0.33749999578125006,1.0,23479,0.0,0.8858814381243693,0.0999999000001,0.33749999578125006,1.0,0.4420953388982999
auto_quantile_ratio_0.25_20_processed,0.029783133540389115,0.029783133540389115,-1.1119155311830096,0.8999999999999998,0.22499999718750005,1.0,23479,0.14142009932123073,0.15763405379547432,0.8999991000008999,0.22499999718750005,1.0,0.43851335785748125
auto_quantile_ratio_0.25_20_1_processed,0.029783133540389115,0.029783133540389115,-1.1119155311830096,0.8999999999999998,0.22499999718750005,1.0,23479,0.14142009932123073,0.15763405379547432,0.8999991000008999,0.22499999718750005,1.0,0.43851335785748125
auto_close_log_return_10_1_processed,0.025365484192089737,0.025365484192089737,-1.04124266957235,0.9999999999999999,0.11249999859375003,1.0,23479,0.07196079606681724,0.1971338616781371,0.999999000001,0.11249999859375003,1.0,0.43414846422550113
auto_close_log_return_10_processed,0.025365484192089737,0.025365484192089737,-1.04124266957235,0.9999999999999999,0.11249999859375003,1.0,23479,0.07196079606681724,0.1971338616781371,0.999999000001,0.11249999859375003,1.0,0.43414846422550113
auto_low_log_return_10_processed,0.029477708764595816,0.029477708764595816,-0.89720897408005,0.7999999999999999,0.12499999843750002,1.0,23479,0.13661786391261804,0.2776358135011504,0.7999992000008,0.12499999843750002,1.0,0.43231325911922713
auto_low_log_return_10_1_processed,0.029477708764595816,0.029477708764595816,-0.89720897408005,0.7999999999999999,0.12499999843750002,1.0,23479,0.13661786391261804,0.2776358135011504,0.7999992000008,0.12499999843750002,1.0,0.43231325911922713
auto_vol_price_corr_5_processed,-0.03437356351202813,0.03437356351202813,-0.34245445174125666,-0.09999999999999999,0.41249999484375005,1.0,23479,0.21359605588305405,0.587693968145275,0.0999999000001,0.41249999484375005,1.0,0.43219748523366475
auto_volume_price_corr_auto_5_processed,-0.03437356351202813,0.03437356351202813,-0.34245445174125666,-0.09999999999999999,0.41249999484375005,1.0,23479,0.21359605588305405,0.587693968145275,0.0999999000001,0.41249999484375005,1.0,0.43219748523366475
auto_vol_price_corr_5_1_processed,-0.03437356351202813,0.03437356351202813,-0.34245445174125666,-0.09999999999999999,0.41249999484375005,1.0,23479,0.21359605588305405,0.587693968145275,0.0999999000001,0.41249999484375005,1.0,0.43219748523366475
auto_body_ratio_auto_processed,0.024404374602118865,0.024404374602118865,0.19580007188912155,0.09999999999999999,0.13749999828125004,1.0,23479,0.056849138891896585,0.8885300994526752,0.0999999000001,0.13749999828125004,1.0,0.4269697893283505
auto_body_ratio_auto_1_processed,0.024404374602118865,0.024404374602118865,0.19580007188912155,0.09999999999999999,0.13749999828125004,1.0,23479,0.056849138891896585,0.8885300994526752,0.0999999000001,0.13749999828125004,1.0,0.4269697893283505
macd_signal_processed,-0.02620195795683971,0.02620195795683971,-0.23303939024411266,-0.09999999999999999,0.4749999940625001,1.0,23479,0.08511278716192211,0.6488472002362061,0.0999999000001,0.4749999940625001,1.0,0.4247399759589271
auto_close_ratio_10_1_processed,0.025358147204720485,0.025358147204720485,-1.0352722614266088,0.8999999999999998,0.11249999859375003,1.0,23479,0.07184543561367242,0.20047078577266525,0.8999991000008999,0.11249999859375003,1.0,0.41495387513582693
auto_close_ratio_10_processed,0.025358147204720485,0.025358147204720485,-1.0352722614266088,0.8999999999999998,0.11249999859375003,1.0,23479,0.07184543561367242,0.20047078577266525,0.8999991000008999,0.11249999859375003,1.0,0.41495387513582693
mom_20_processed,-0.04096524995172954,0.04096524995172954,-0.8347926206968699,-0.3,0.24999999687500005,1.0,23479,0.31723804085623464,0.31252097183751726,0.2999997000003,0.24999999687500005,1.0,0.40493969270474794
obv_processed,-0.026492748387326723,0.026492748387326723,-0.33679488132352514,-0.09999999999999999,0.4249999946875001,1.0,23479,0.08968492476321324,0.5908571617545894,0.0999999000001,0.4249999946875001,1.0,0.40388550083259567
rsi_24_processed,0.04519214995097149,0.04519214995097149,-0.8148745959127048,0.09999999999999999,0.32499999593750006,1.0,23479,0.3836981660779095,0.32365336600475686,0.0999999000001,0.32499999593750006,1.0,0.3955878624113116
auto_price_ema_ratio_60_1_processed,-0.05092295586836338,0.05092295586836338,-1.3939536034214464,-0.39999999999999997,0.12499999843750002,1.0,23479,0.47380440917788463,0.0,0.3999996000004,0.12499999843750002,1.0,0.36720102206017613
auto_price_ema_ratio_60_processed,-0.05092295586836338,0.05092295586836338,-1.3939536034214464,-0.39999999999999997,0.12499999843750002,1.0,23479,0.47380440917788463,0.0,0.3999996000004,0.12499999843750002,1.0,0.36720102206017613
macd_processed,-0.0217294238160094,0.0217294238160094,-0.6073704196644248,-0.3,0.2624999967187501,1.0,23479,0.014790522828461205,0.43962963907279123,0.2999997000003,0.2624999967187501,1.0,0.36297997998318565
log_amount_processed,-0.023902712631155117,0.023902712631155117,-0.4981134520804079,-0.09999999999999999,0.32499999593750006,1.0,23479,0.0489614392975882,0.5006945108079419,0.0999999000001,0.32499999593750006,1.0,0.35616396691702756
auto_low_log_return_5_processed,-0.0370110420308897,0.0370110420308897,-0.9520016034192219,-0.3,0.12499999843750002,1.0,23479,0.25506549037747156,0.24701163495569295,0.2999997000003,0.12499999843750002,1.0,0.35426922109897613
auto_low_log_return_5_1_processed,-0.0370110420308897,0.0370110420308897,-0.9520016034192219,-0.3,0.12499999843750002,1.0,23479,0.25506549037747156,0.24701163495569295,0.2999997000003,0.12499999843750002,1.0,0.35426922109897613
auto_low_ratio_5_1_processed,-0.03687339308231825,0.03687339308231825,-0.9503314967466561,-0.3,0.12499999843750002,1.0,23479,0.2529012171842729,0.2479450751929559,0.2999997000003,0.12499999843750002,1.0,0.3539615128599922
auto_low_ratio_5_processed,-0.03687339308231825,0.03687339308231825,-0.9503314967466561,-0.3,0.12499999843750002,1.0,23479,0.2529012171842729,0.2479450751929559,0.2999997000003,0.12499999843750002,1.0,0.3539615128599922
auto_open_log_return_5_1_processed,-0.04223892049079983,0.04223892049079983,-0.8612374002481274,-0.09999999999999999,0.12499999843750002,1.0,23479,0.3372641364660079,0.2977407055801723,0.0999999000001,0.12499999843750002,1.0,0.34750119027719006
auto_open_log_return_5_processed,-0.04223892049079983,0.04223892049079983,-0.8612374002481274,-0.09999999999999999,0.12499999843750002,1.0,23479,0.3372641364660079,0.2977407055801723,0.0999999000001,0.12499999843750002,1.0,0.34750119027719006
auto_open_ratio_5_processed,-0.04206754441625553,0.04206754441625553,-0.8590543645699602,-0.09999999999999999,0.12499999843750002,1.0,23479,0.33456956707088237,0.2989608272495572,0.0999999000001,0.12499999843750002,1.0,0.3471325783457549
auto_open_ratio_5_1_processed,-0.04206754441625553,0.04206754441625553,-0.8590543645699602,-0.09999999999999999,0.12499999843750002,1.0,23479,0.33456956707088237,0.2989608272495572,0.0999999000001,0.12499999843750002,1.0,0.3471325783457549
auto_high_log_return_5_processed,-0.03992439206911118,0.03992439206911118,-0.9075748273129729,-0.09999999999999999,0.14999999812500003,1.0,23479,0.3008724903986441,0.27184222877981834,0.0999999000001,0.14999999812500003,1.0,0.3356786595133856
auto_high_log_return_5_1_processed,-0.03992439206911118,0.03992439206911118,-0.9075748273129729,-0.09999999999999999,0.14999999812500003,1.0,23479,0.3008724903986441,0.27184222877981834,0.0999999000001,0.14999999812500003,1.0,0.3356786595133856
auto_high_ratio_5_1_processed,-0.03967069738686281,0.03967069738686281,-0.9039716511066527,-0.09999999999999999,0.14999999812500003,1.0,23479,0.2968836143066327,0.27385608197145933,0.0999999000001,0.14999999812500003,1.0,0.335184903788293
auto_high_ratio_5_processed,-0.03967069738686281,0.03967069738686281,-0.9039716511066527,-0.09999999999999999,0.14999999812500003,1.0,23479,0.2968836143066327,0.27385608197145933,0.0999999000001,0.14999999812500003,1.0,0.335184903788293
mom_5_processed,-0.03551946626578948,0.03551946626578948,-0.970966888837387,-0.09999999999999999,0.21249999734375005,1.0,23479,0.2316132411773594,0.23641173687056438,0.0999999000001,0.21249999734375005,1.0,0.31888122411356346
auto_close_log_return_5_1_processed,-0.03457873793779024,0.03457873793779024,-0.9969394164804707,-0.09999999999999999,0.12499999843750002,1.0,23479,0.21682204136434777,0.22189541718648617,0.0999999000001,0.12499999843750002,1.0,0.29842934440335345
auto_close_log_return_5_processed,-0.03457873793779024,0.03457873793779024,-0.9969394164804707,-0.09999999999999999,0.12499999843750002,1.0,23479,0.21682204136434777,0.22189541718648617,0.0999999000001,0.12499999843750002,1.0,0.29842934440335345
auto_close_ratio_5_processed,-0.03434881775148871,0.03434881775148871,-0.993954420166837,-0.09999999999999999,0.11249999859375003,1.0,23479,0.21320697491486212,0.22356376311492107,0.0999999000001,0.11249999859375003,1.0,0.2960676642965283
auto_close_ratio_5_1_processed,-0.03434881775148871,0.03434881775148871,-0.993954420166837,-0.09999999999999999,0.11249999859375003,1.0,23479,0.21320697491486212,0.22356376311492107,0.0999999000001,0.11249999859375003,1.0,0.2960676642965283
